query_index,class_id,best_same,best_cross,nn_sim,nn_same_class
0,40255,0.941772,0.494579,0.941772,true
10,181,0.809903,0.643181,0.809903,true
20,24815,0.985703,0.680127,0.985703,true
30,23832,0.850531,0.881697,0.881697,false
40,47624,0.911608,0.647277,0.911608,true
50,46530,0.991014,0.644163,0.991014,true
60,34486,0.961566,0.713518,0.961566,true
70,17249,0.790741,0.573780,0.790741,true
80,15688,0.960354,0.651435,0.960354,true
90,11841,0.877537,0.549298,0.877537,true
100,39925,0.969980,0.779315,0.969980,true
110,22525,0.773268,0.846062,0.846062,false
120,14464,0.923855,0.857469,0.923855,true
130,37015,0.879858,0.493772,0.879858,true
140,6540,0.871193,0.563156,0.871193,true
150,46952,0.921683,0.493825,0.921683,true
160,40354,0.969464,0.540407,0.969464,true
170,38709,0.966487,0.851017,0.966487,true
180,35563,0.948527,0.575493,0.948527,true
190,22794,0.900541,0.485811,0.900541,true
200,6540,0.877471,0.690241,0.877471,true
210,3256,0.879195,0.600587,0.879195,true
220,25259,0.889955,0.672162,0.889955,true
230,33978,0.957101,0.751517,0.957101,true
240,38494,0.992545,0.491012,0.992545,true
250,55741,0.925649,0.706956,0.925649,true
260,38552,0.964165,0.653036,0.964165,true
270,14847,0.992826,0.395887,0.992826,true
280,3966,0.812424,0.699451,0.812424,true
290,58776,0.933815,0.598855,0.933815,true
300,8064,0.934600,0.550384,0.934600,true
310,6911,0.986787,0.675491,0.986787,true
320,20093,0.819492,0.718039,0.819492,true
330,55718,0.925480,0.622692,0.925480,true
340,17233,0.952686,0.562933,0.952686,true
350,16802,0.980786,0.640733,0.980786,true
360,39566,0.995869,0.635219,0.995869,true
370,28075,0.921890,0.375013,0.921890,true
380,49179,0.956977,0.774633,0.956977,true
390,18037,0.950161,0.627458,0.950161,true
400,2556,0.861166,0.586642,0.861166,true
410,44631,0.986224,0.605868,0.986224,true
420,19612,0.840983,0.699659,0.840983,true
430,34127,0.821795,0.713909,0.821795,true
440,49933,0.919808,0.703296,0.919808,true
450,38285,0.953204,0.639904,0.953204,true
460,18186,0.975479,0.860612,0.975479,true
470,20209,0.926237,0.736205,0.926237,true
480,15215,0.992111,0.890296,0.992111,true
490,26530,0.700539,0.658248,0.700539,true
500,16087,0.917803,0.881643,0.917803,true
510,31794,0.859074,0.605603,0.859074,true
520,9075,0.879342,0.644628,0.879342,true
530,3117,0.803718,0.576995,0.803718,true
540,59187,0.910293,0.452061,0.910293,true
550,8497,0.895106,0.755216,0.895106,true
560,59651,0.948275,0.613815,0.948275,true
570,21335,0.878710,0.417706,0.878710,true
580,35753,0.919821,0.804032,0.919821,true
590,23146,0.748287,0.735870,0.748287,true
600,56031,0.996785,0.696759,0.996785,true
610,20257,0.996805,0.507493,0.996805,true
620,15426,0.939501,0.512275,0.939501,true
630,51716,0.914726,0.626200,0.914726,true
640,41416,0.952487,0.830790,0.952487,true
650,53962,0.938883,0.839891,0.938883,true
660,49666,0.907248,0.716332,0.907248,true
670,31641,0.915581,0.451659,0.915581,true
680,48418,0.976105,0.549936,0.976105,true
690,59041,0.950108,0.623392,0.950108,true
700,56661,0.845346,0.557620,0.845346,true
710,2375,0.865594,0.494298,0.865594,true
720,23904,0.810381,0.649669,0.810381,true
730,5849,0.888254,0.615613,0.888254,true
740,60315,0.875469,0.594921,0.875469,true
750,28901,0.959062,0.455537,0.959062,true
760,35032,0.875279,0.852251,0.875279,true
770,15606,0.966918,0.560948,0.966918,true
780,7966,0.939097,0.706923,0.939097,true
790,5759,0.911093,0.489952,0.911093,true
800,24561,0.920286,0.630141,0.920286,true
810,42400,0.867711,0.840500,0.867711,true
820,31796,0.932135,0.844636,0.932135,true
830,22623,0.928618,0.702825,0.928618,true
840,13572,0.850055,0.743677,0.850055,true
850,12666,0.880583,0.709493,0.880583,true
860,20583,0.965824,0.517625,0.965824,true
870,21462,0.818310,0.653418,0.818310,true
880,26557,0.998291,0.519074,0.998291,true
890,18334,0.799108,0.621207,0.799108,true
900,27570,0.828356,0.822522,0.828356,true
910,16557,0.917681,0.659589,0.917681,true
920,39999,0.724532,0.792337,0.792337,false
930,7362,0.920116,0.731049,0.920116,true
940,12520,0.978327,0.714893,0.978327,true
950,24029,0.979672,0.584410,0.979672,true
960,35661,0.995154,0.575467,0.995154,true
970,36625,0.964181,0.931243,0.964181,true
980,53531,0.959777,0.827808,0.959777,true
990,6142,0.813461,0.649831,0.813461,true
1000,7891,0.913745,0.442057,0.913745,true
1010,47988,0.933349,0.437124,0.933349,true
1020,45939,0.818668,0.559686,0.818668,true
1030,14117,0.926599,0.450146,0.926599,true
1040,30548,0.757403,0.691184,0.757403,true
1050,45074,0.966187,0.388847,0.966187,true
1060,1877,0.802686,0.626413,0.802686,true
1070,38626,0.915763,0.800894,0.915763,true
1080,25622,0.838729,0.527542,0.838729,true
1090,26679,0.871752,0.578905,0.871752,true
1100,28579,0.931021,0.705695,0.931021,true
1110,52201,0.976686,0.775913,0.976686,true
1120,5589,0.908373,0.718909,0.908373,true
1130,30418,0.851522,0.607891,0.851522,true
1140,40763,0.952439,0.631195,0.952439,true
1150,42677,0.845983,0.667776,0.845983,true
1160,20995,0.925762,0.647161,0.925762,true
1170,1993,0.754685,0.772509,0.772509,false
1180,20294,0.905560,0.555933,0.905560,true
1190,22163,0.853271,0.498866,0.853271,true
1200,21849,0.905400,0.489635,0.905400,true
1210,15942,0.971517,0.593824,0.971517,true
1220,34979,0.873430,0.549855,0.873430,true
1230,34349,0.977608,0.745465,0.977608,true
1240,40452,0.976337,0.596114,0.976337,true
1250,57361,0.887308,0.553988,0.887308,true
1260,55861,0.964089,0.755992,0.964089,true
1270,15688,0.960354,0.631581,0.960354,true
1280,19473,0.997624,0.499558,0.997624,true
1290,32154,0.994631,0.934290,0.994631,true
1300,47571,0.979175,0.847773,0.979175,true
1310,60173,0.979717,0.545821,0.979717,true
1320,38363,0.992069,0.868180,0.992069,true
1330,48270,0.790410,0.625422,0.790410,true
1340,55453,0.934361,0.605855,0.934361,true
1350,9923,0.924854,0.611387,0.924854,true
1360,23842,0.987220,0.704615,0.987220,true
1370,8952,0.775975,0.507660,0.775975,true
1380,9494,0.958391,0.831342,0.958391,true
1390,57586,0.948285,0.717255,0.948285,true
1400,13002,0.717283,0.716438,0.717283,true
1410,24746,0.980090,0.665284,0.980090,true
1420,3826,0.975491,0.568233,0.975491,true
1430,57639,0.857915,0.477668,0.857915,true
1440,55891,0.993100,0.709919,0.993100,true
1450,7317,0.901089,0.847160,0.901089,true
1460,2824,0.855995,0.723052,0.855995,true
1470,54019,0.992998,0.591461,0.992998,true
1480,21715,0.847218,0.624868,0.847218,true
1490,14307,0.916242,0.717587,0.916242,true
1500,20360,0.887774,0.490272,0.887774,true
1510,1957,0.983703,0.699264,0.983703,true
1520,22723,0.920019,0.715527,0.920019,true
1530,43624,0.824179,0.476588,0.824179,true
1540,5264,0.832974,0.609166,0.832974,true
1550,52334,0.957103,0.810849,0.957103,true
1560,47088,0.973750,0.697124,0.973750,true
1570,8464,0.714800,0.811755,0.811755,false
1580,19995,0.904865,0.490959,0.904865,true
1590,5760,0.972818,0.517556,0.972818,true
1600,8472,0.970836,0.585688,0.970836,true
1610,37291,0.985488,0.794123,0.985488,true
1620,55453,0.934361,0.613135,0.934361,true
1630,21470,0.977140,0.532360,0.977140,true
1640,25729,0.921441,0.644735,0.921441,true
1650,50241,0.996096,0.439171,0.996096,true
1660,1447,0.937451,0.866936,0.937451,true
1670,1699,0.879719,0.925167,0.925167,false
1680,35597,0.819573,0.695444,0.819573,true
1690,8568,0.984474,0.609153,0.984474,true
1700,40512,0.817538,0.652704,0.817538,true
1710,53851,0.891379,0.765897,0.891379,true
1720,39398,0.950052,0.711032,0.950052,true
1730,36718,0.986309,0.888565,0.986309,true
1740,12870,0.976580,0.591699,0.976580,true
1750,16858,0.892227,0.492048,0.892227,true
1760,16193,0.733036,0.484921,0.733036,true
1770,14111,0.913644,0.672812,0.913644,true
1780,17608,0.891736,0.895225,0.895225,false
1790,23930,0.737397,0.762342,0.762342,false
1800,11651,0.956581,0.685092,0.956581,true
1810,43497,0.937958,0.688875,0.937958,true
1820,7561,0.982638,0.462984,0.982638,true
1830,16109,0.607021,0.549003,0.607021,true
1840,45787,0.894077,0.750723,0.894077,true
1850,40153,0.924554,0.609263,0.924554,true
1860,27522,0.869426,0.452396,0.869426,true
1870,13021,0.869787,0.510860,0.869787,true
1880,26863,0.873269,0.718838,0.873269,true
1890,1180,0.985671,0.508401,0.985671,true
1900,53452,0.992626,0.464666,0.992626,true
1910,45635,0.860665,0.531882,0.860665,true
1920,5256,0.994585,0.390057,0.994585,true
1930,20700,0.898451,0.563572,0.898451,true
1940,2768,0.925691,0.689914,0.925691,true
1950,1404,0.934268,0.444434,0.934268,true
1960,39030,0.988289,0.430198,0.988289,true
1970,21734,0.835584,0.644776,0.835584,true
1980,55991,0.959586,0.584006,0.959586,true
1990,24543,0.939897,0.663171,0.939897,true
2000,51481,0.953256,0.614557,0.953256,true
2010,49260,0.967807,0.532583,0.967807,true
2020,26296,0.756623,0.630680,0.756623,true
2030,13504,0.868617,0.717983,0.868617,true
2040,38027,0.978787,0.676948,0.978787,true
2050,8576,0.867456,0.367788,0.867456,true
2060,39959,0.911466,0.735105,0.911466,true
2070,3654,0.935443,0.615320,0.935443,true
2080,44419,0.983012,0.404227,0.983012,true
2090,45529,0.909643,0.560631,0.909643,true
2100,19016,0.898674,0.935415,0.935415,false
2110,41790,0.961953,0.591293,0.961953,true
2120,46593,0.830637,0.602139,0.830637,true
2130,15123,0.883837,0.529984,0.883837,true
2140,6523,0.995594,0.583216,0.995594,true
2150,19164,0.969276,0.793133,0.969276,true
2160,13139,0.952287,0.632368,0.952287,true
2170,8293,0.789224,0.521368,0.789224,true
2180,29228,0.938634,0.775912,0.938634,true
2190,2211,0.901966,0.765593,0.901966,true
2200,59040,0.894978,0.525289,0.894978,true
2210,25366,0.829644,0.727424,0.829644,true
2220,15417,0.882969,0.758487,0.882969,true
2230,42219,0.908117,0.630038,0.908117,true
2240,33795,0.975591,0.896103,0.975591,true
2250,5889,0.976676,0.496548,0.976676,true
2260,45575,0.990818,0.439941,0.990818,true
2270,50211,0.997110,0.556535,0.997110,true
2280,20400,0.979004,0.558087,0.979004,true
2290,60392,0.727235,0.502660,0.727235,true
2300,48367,0.904513,0.457013,0.904513,true
2310,5185,0.929671,0.425546,0.929671,true
2320,4005,0.959284,0.723748,0.959284,true
2330,10653,0.974922,0.727860,0.974922,true
2340,32832,0.908245,0.694558,0.908245,true
2350,1502,0.775916,0.727477,0.775916,true
2360,17901,0.924219,0.726035,0.924219,true
2370,28489,0.949158,0.700315,0.949158,true
2380,32623,0.901309,0.486715,0.901309,true
2390,59132,0.806000,0.682148,0.806000,true
2400,46557,0.672052,0.648474,0.672052,true
2410,60056,0.674269,0.460836,0.674269,true
2420,39790,0.920832,0.599248,0.920832,true
2430,41276,0.754884,0.716695,0.754884,true
2440,2645,0.885475,0.611090,0.885475,true
2450,56931,0.979729,0.707677,0.979729,true
2460,40103,0.948152,0.646454,0.948152,true
2470,14894,0.935264,0.663718,0.935264,true
2480,36126,0.867375,0.853054,0.867375,true
2490,25800,0.869367,0.789101,0.869367,true
2500,19722,0.961838,0.789513,0.961838,true
2510,47022,0.993608,0.691481,0.993608,true
2520,277,0.850665,0.897347,0.897347,false
2530,8710,0.982382,0.407167,0.982382,true
2540,39641,0.764978,0.929397,0.929397,false
2550,56621,0.858723,0.648933,0.858723,true
2560,5095,0.926019,0.529350,0.926019,true
2570,5807,0.892384,0.847541,0.892384,true
2580,1141,0.981019,0.596770,0.981019,true
2590,54865,0.955875,0.824431,0.955875,true
2600,16076,0.918589,0.622448,0.918589,true
2610,28197,0.925729,0.640795,0.925729,true
2620,56190,0.964852,0.658468,0.964852,true
2630,49926,0.805632,0.606973,0.805632,true
2640,2819,0.882441,0.665428,0.882441,true
2650,33278,0.938108,0.507387,0.938108,true
2660,35363,0.950556,0.752167,0.950556,true
2670,57970,0.904183,0.591629,0.904183,true
2680,46136,0.946851,0.697569,0.946851,true
2690,7028,0.880244,0.539896,0.880244,true
2700,4023,0.927651,0.620510,0.927651,true
2710,2571,0.687737,0.661446,0.687737,true
2720,54457,0.921400,0.598760,0.921400,true
2730,53673,0.935641,0.674170,0.935641,true
2740,46026,0.990358,0.791361,0.990358,true
2750,33704,0.995263,0.637015,0.995263,true
2760,37725,0.963531,0.614222,0.963531,true
2770,58900,0.922525,0.702349,0.922525,true
2780,180,0.927612,0.465799,0.927612,true
2790,11245,0.920194,0.658629,0.920194,true
2800,1500,0.813614,0.491366,0.813614,true
2810,48201,0.979718,0.606790,0.979718,true
2820,24601,0.736121,0.601286,0.736121,true
2830,22593,0.991246,0.619225,0.991246,true
2840,18398,0.780319,0.510812,0.780319,true
2850,19015,0.892796,0.817299,0.892796,true
2860,31843,0.989707,0.714302,0.989707,true
2870,37351,0.956799,0.743256,0.956799,true
2880,2938,0.522837,0.338964,0.522837,true
2890,29809,0.947664,0.658545,0.947664,true
2900,20833,0.925901,0.717959,0.925901,true
2910,5919,0.822598,0.740532,0.822598,true
2920,32090,0.931059,0.587582,0.931059,true
2930,3886,0.828901,0.673557,0.828901,true
2940,32396,0.890939,0.462969,0.890939,true
2950,8388,0.833520,0.623905,0.833520,true
2960,17734,0.981927,0.671606,0.981927,true
2970,55884,0.836602,0.708678,0.836602,true
2980,26221,0.869364,0.658277,0.869364,true
2990,9493,0.874279,0.612202,0.874279,true
3000,33076,0.993090,0.831217,0.993090,true
3010,4291,0.921352,0.792609,0.921352,true
3020,25546,0.950530,0.910772,0.950530,true
3030,15937,0.885944,0.611103,0.885944,true
3040,42097,0.847923,0.735398,0.847923,true
3050,34952,0.972273,0.730195,0.972273,true
3060,57765,0.955569,0.538935,0.955569,true
3070,50507,0.912676,0.458286,0.912676,true
3080,48355,0.961767,0.584116,0.961767,true
3090,29745,0.857624,0.701962,0.857624,true
3100,43655,0.939176,0.565549,0.939176,true
3110,28840,0.973949,0.723586,0.973949,true
3120,1699,0.930665,0.736916,0.930665,true
3130,17074,0.923625,0.533820,0.923625,true
3140,46826,0.967081,0.613613,0.967081,true
3150,33994,0.979856,0.699351,0.979856,true
3160,15941,0.925885,0.583446,0.925885,true
3170,40594,0.931957,0.445402,0.931957,true
3180,35907,0.781446,0.548016,0.781446,true
3190,39832,0.918737,0.665972,0.918737,true
3200,38447,0.967837,0.897396,0.967837,true
3210,9816,0.983287,0.915574,0.983287,true
3220,8436,0.990103,0.821371,0.990103,true
3230,52373,0.856171,0.792731,0.856171,true
3240,7703,0.873796,0.776496,0.873796,true
3250,35213,0.927681,0.687703,0.927681,true
3260,46313,0.578528,0.346828,0.578528,true
3270,5572,0.694368,0.521906,0.694368,true
3280,23104,0.947876,0.533643,0.947876,true
3290,39925,0.969980,0.782091,0.969980,true
3300,26937,0.965586,0.688069,0.965586,true
3310,5359,0.902880,0.508045,0.902880,true
3320,5791,0.933656,0.536974,0.933656,true
3330,4809,0.953202,0.625126,0.953202,true
3340,45541,0.909462,0.875637,0.909462,true
3350,33370,0.820017,0.663452,0.820017,true
3360,37576,0.960878,0.914485,0.960878,true
3370,22775,0.995228,0.525591,0.995228,true
3380,48456,0.984890,0.980248,0.984890,true
3390,10362,0.920235,0.646488,0.920235,true
3400,60383,0.970043,0.612110,0.970043,true
3410,23358,0.985771,0.814459,0.985771,true
3420,11961,0.962449,0.828461,0.962449,true
3430,875,0.969742,0.553465,0.969742,true
3440,44123,0.989366,0.420586,0.989366,true
3450,8576,0.697840,0.394695,0.697840,true
3460,1208,0.860117,0.402835,0.860117,true
3470,32257,0.978454,0.672433,0.978454,true
3480,5098,0.730365,0.533526,0.730365,true
3490,38689,0.980316,0.548680,0.980316,true
3500,2588,0.921915,0.894210,0.921915,true
3510,8928,0.923895,0.497629,0.923895,true
3520,58532,0.968209,0.670080,0.968209,true
3530,31721,0.740117,0.569499,0.740117,true
3540,41071,0.784264,0.791873,0.791873,false
3550,1147,0.930748,0.913889,0.930748,true
3560,32009,0.918898,0.875239,0.918898,true
3570,30618,0.905980,0.468741,0.905980,true
3580,10263,0.978819,0.598066,0.978819,true
3590,42366,0.763095,0.640752,0.763095,true
3600,44549,0.983973,0.639336,0.983973,true
3610,51536,0.989876,0.698596,0.989876,true
3620,20484,0.793465,0.398771,0.793465,true
3630,12037,0.974074,0.862349,0.974074,true
3640,48339,0.929148,0.578683,0.929148,true
3650,26871,0.911902,0.570630,0.911902,true
3660,45967,0.993335,0.772645,0.993335,true
3670,44933,0.998242,0.697673,0.998242,true
3680,6169,0.863077,0.687876,0.863077,true
3690,49675,0.857796,0.675928,0.857796,true
3700,38571,0.937754,0.474580,0.937754,true
3710,51895,0.887117,0.702721,0.887117,true
3720,35646,0.981140,0.550484,0.981140,true
3730,52227,0.842157,0.447044,0.842157,true
3740,54471,0.973267,0.827896,0.973267,true
3750,13987,0.783749,0.641756,0.783749,true
3760,55786,0.890538,0.724157,0.890538,true
3770,2344,0.825318,0.700717,0.825318,true
3780,48810,0.941921,0.618032,0.941921,true
3790,7839,0.981972,0.671120,0.981972,true
3800,37415,0.986135,0.621191,0.986135,true
3810,33582,0.763100,0.681416,0.763100,true
3820,32673,0.940788,0.835043,0.940788,true
3830,5779,0.801536,0.696840,0.801536,true
3840,15097,0.947449,0.550968,0.947449,true
3850,21625,0.847974,0.430881,0.847974,true
3860,43474,0.832360,0.681234,0.832360,true
3870,12182,0.811079,0.684074,0.811079,true
3880,1019,0.923766,0.689922,0.923766,true
3890,6450,0.822087,0.557291,0.822087,true
3900,44774,0.980710,0.816846,0.980710,true
3910,39244,0.983908,0.692391,0.983908,true
3920,14112,0.864494,0.916785,0.916785,false
3930,55232,0.749631,0.640612,0.749631,true
3940,32861,0.991562,0.641813,0.991562,true
3950,60311,0.964880,0.374897,0.964880,true
3960,51473,0.969853,0.608831,0.969853,true
3970,35304,0.983769,0.759521,0.983769,true
3980,33933,0.924119,0.595592,0.924119,true
3990,28369,0.986651,0.585451,0.986651,true
4000,4930,0.866322,0.833793,0.866322,true
4010,41437,0.871946,0.856396,0.871946,true
4020,4291,0.939129,0.758078,0.939129,true
4030,57481,0.896041,0.542459,0.896041,true
4040,18580,0.903814,0.682513,0.903814,true
4050,11155,0.993067,0.475749,0.993067,true
4060,45134,0.952337,0.648747,0.952337,true
4070,46530,0.991014,0.620970,0.991014,true
4080,34447,0.852903,0.845008,0.852903,true
4090,25022,0.986868,0.508280,0.986868,true
4100,49328,0.945617,0.501748,0.945617,true
4110,31725,0.805968,0.621247,0.805968,true
4120,463,0.777384,0.586026,0.777384,true
4130,20882,0.893575,0.701192,0.893575,true
4140,25367,0.706212,0.516292,0.706212,true
4150,37768,0.929430,0.541039,0.929430,true
4160,8148,0.527246,0.586029,0.586029,false
4170,45471,0.981776,0.558737,0.981776,true
4180,38770,0.921999,0.772467,0.921999,true
4190,26663,0.875572,0.595608,0.875572,true
4200,40523,0.844492,0.805861,0.844492,true
4210,55824,0.965098,0.664760,0.965098,true
4220,5343,0.971841,0.467285,0.971841,true
4230,1387,0.995691,0.778717,0.995691,true
4240,9343,0.986644,0.509010,0.986644,true
4250,42655,0.877150,0.360829,0.877150,true
4260,57531,0.758557,0.613058,0.758557,true
4270,43809,0.899648,0.776954,0.899648,true
4280,35158,0.802507,0.569319,0.802507,true
4290,6946,0.793949,0.936816,0.936816,false
4300,21562,0.772873,0.538122,0.772873,true
4310,8734,0.892989,0.760096,0.892989,true
4320,47243,0.994115,0.853997,0.994115,true
4330,49316,0.911392,0.531388,0.911392,true
4340,26582,0.998577,0.552671,0.998577,true
4350,4736,0.869067,0.607449,0.869067,true
4360,23832,0.777617,0.767774,0.777617,true
4370,28513,0.826738,0.704243,0.826738,true
4380,45848,0.893462,0.441726,0.893462,true
4390,50130,0.985631,0.489666,0.985631,true
4400,33383,0.980674,0.917996,0.980674,true
4410,8263,0.761092,0.763437,0.763437,false
4420,51326,0.994701,0.539474,0.994701,true
4430,50843,0.942670,0.637783,0.942670,true
4440,7483,0.762404,0.604139,0.762404,true
4450,19519,0.958585,0.390135,0.958585,true
4460,34495,0.971879,0.696746,0.971879,true
4470,30643,0.915856,0.496203,0.915856,true
4480,3714,0.671176,0.623248,0.671176,true
4490,5842,0.952705,0.562056,0.952705,true
4500,7674,0.789486,0.570557,0.789486,true
4510,12870,0.976580,0.587724,0.976580,true
4520,16716,0.855686,0.478116,0.855686,true
4530,17842,0.941492,0.730676,0.941492,true
4540,56026,0.976589,0.767058,0.976589,true
4550,23087,0.940710,0.619659,0.940710,true
4560,31466,0.889972,0.689400,0.889972,true
4570,3529,0.835805,0.483681,0.835805,true
4580,26700,0.894172,0.638645,0.894172,true
4590,59400,0.983461,0.385580,0.983461,true
4600,19020,0.936981,0.709332,0.936981,true
4610,39034,0.981793,0.568492,0.981793,true
4620,26657,0.777409,0.858492,0.858492,false
4630,55002,0.965050,0.883209,0.965050,true
4640,31086,0.865119,0.730961,0.865119,true
4650,19712,0.971912,0.647722,0.971912,true
4660,56933,0.756244,0.651692,0.756244,true
4670,31664,0.910302,0.638827,0.910302,true
4680,45988,0.932012,0.601536,0.932012,true
4690,2937,0.933061,0.720986,0.933061,true
4700,49397,0.936276,0.788779,0.936276,true
4710,50000,0.991825,0.540825,0.991825,true
4720,50099,0.894582,0.727850,0.894582,true
4730,19545,0.786768,0.461203,0.786768,true
4740,51369,0.899859,0.864385,0.899859,true
4750,20583,0.965824,0.484838,0.965824,true
4760,46661,0.733934,0.665872,0.733934,true
4770,29953,0.806578,0.742180,0.806578,true
4780,40259,0.963114,0.627679,0.963114,true
4790,26812,0.808003,0.682266,0.808003,true
4800,4930,0.900429,0.836936,0.900429,true
4810,13330,0.548553,0.605548,0.605548,false
4820,16881,0.802178,0.665210,0.802178,true
4830,16363,0.884120,0.560262,0.884120,true
4840,47053,0.935574,0.655144,0.935574,true
4850,25287,0.949692,0.491568,0.949692,true
4860,5572,0.694368,0.610949,0.694368,true
4870,9982,0.957507,0.640020,0.957507,true
4880,15954,0.970738,0.783820,0.970738,true
4890,16808,0.989777,0.557646,0.989777,true
4900,26359,0.978561,0.610168,0.978561,true
4910,145,0.984200,0.415990,0.984200,true
4920,57397,0.918961,0.655074,0.918961,true
4930,44517,0.939068,0.630288,0.939068,true
4940,8576,0.836492,0.399965,0.836492,true
4950,29342,0.998644,0.653554,0.998644,true
4960,16021,0.845707,0.635845,0.845707,true
4970,3967,0.917195,0.644031,0.917195,true
4980,46176,0.888508,0.637326,0.888508,true
4990,38097,0.995543,0.845779,0.995543,true
5000,33843,0.773271,0.697317,0.773271,true
5010,4291,0.993387,0.810772,0.993387,true
5020,53475,0.907912,0.643965,0.907912,true
5030,10900,0.892511,0.692127,0.892511,true
5040,28909,0.906929,0.667397,0.906929,true
5050,11245,0.971807,0.669042,0.971807,true
5060,12015,0.828890,0.805319,0.828890,true
5070,8436,0.978084,0.918960,0.978084,true
5080,6161,0.969186,0.591908,0.969186,true
5090,23766,0.807939,0.570750,0.807939,true
5100,36126,0.886060,0.785121,0.886060,true
5110,10231,0.771513,0.602720,0.771513,true
5120,42779,0.888351,0.781152,0.888351,true
5130,35848,0.972384,0.626547,0.972384,true
5140,28194,0.922994,0.648681,0.922994,true
5150,20048,0.917179,0.956542,0.956542,false
5160,2195,0.836860,0.789480,0.836860,true
5170,13082,0.997863,0.742685,0.997863,true
5180,56372,0.805065,0.738497,0.805065,true
5190,38124,0.993651,0.667160,0.993651,true
5200,46036,0.958783,0.699837,0.958783,true
5210,10114,0.909057,0.872676,0.909057,true
5220,44176,0.567899,0.730858,0.730858,false
5230,8025,0.950080,0.810421,0.950080,true
5240,45187,0.967771,0.609751,0.967771,true
5250,688,0.866266,0.462307,0.866266,true
5260,18018,0.931318,0.795764,0.931318,true
5270,38911,0.989280,0.510876,0.989280,true
5280,8436,0.955750,0.899183,0.955750,true
5290,37710,0.815131,0.632876,0.815131,true
5300,39590,0.857912,0.593055,0.857912,true
5310,5535,0.947938,0.510157,0.947938,true
5320,13796,0.942657,0.863440,0.942657,true
5330,4601,0.966525,0.489299,0.966525,true
5340,4846,0.823811,0.669054,0.823811,true
5350,10604,0.864985,0.774742,0.864985,true
5360,1766,0.735415,0.693270,0.735415,true
5370,8860,0.964885,0.636191,0.964885,true
5380,50135,0.982527,0.540361,0.982527,true
5390,38145,0.938360,0.543465,0.938360,true
5400,12219,0.952686,0.826373,0.952686,true
5410,34436,0.979390,0.797749,0.979390,true
5420,42706,0.768017,0.529436,0.768017,true
5430,52208,0.884817,0.423015,0.884817,true
5440,35125,0.873099,0.760270,0.873099,true
5450,55980,0.964591,0.697176,0.964591,true
5460,24838,0.982013,0.706374,0.982013,true
5470,3322,0.901241,0.612804,0.901241,true
5480,9535,0.870321,0.592729,0.870321,true
5490,38510,0.945915,0.763678,0.945915,true
5500,4703,0.900599,0.821530,0.900599,true
5510,50507,0.912676,0.426472,0.912676,true
5520,4809,0.925956,0.625864,0.925956,true
5530,25509,0.964266,0.641844,0.964266,true
5540,54021,0.837349,0.739370,0.837349,true
5550,52651,0.852200,0.577821,0.852200,true
5560,43441,0.957383,0.886413,0.957383,true
5570,23927,0.768044,0.569210,0.768044,true
5580,59377,0.905608,0.939442,0.939442,false
5590,6590,0.973616,0.632464,0.973616,true
5600,27584,0.964605,0.532403,0.964605,true
5610,12676,0.993331,0.780120,0.993331,true
5620,29979,0.993255,0.522615,0.993255,true
5630,27311,0.980434,0.883501,0.980434,true
5640,3946,0.746189,0.773184,0.773184,false
5650,48357,0.990844,0.643133,0.990844,true
5660,46219,0.611265,0.691761,0.691761,false
5670,38092,0.861456,0.597751,0.861456,true
5680,6517,0.998406,0.560335,0.998406,true
5690,36312,0.927549,0.733916,0.927549,true
5700,1178,0.850772,0.447284,0.850772,true
5710,4313,0.845724,0.723288,0.845724,true
5720,4072,0.759327,0.581531,0.759327,true
5730,17080,0.985238,0.607550,0.985238,true
5740,58773,0.960535,0.603341,0.960535,true
5750,32206,0.988943,0.557457,0.988943,true
5760,31154,0.973613,0.606060,0.973613,true
5770,46562,0.958417,0.548443,0.958417,true
5780,48841,0.879131,0.392043,0.879131,true
5790,13628,0.982414,0.481831,0.982414,true
5800,16053,0.907771,0.785862,0.907771,true
5810,46384,0.984847,0.506185,0.984847,true
5820,39847,0.965867,0.600326,0.965867,true
5830,15371,0.953358,0.772298,0.953358,true
5840,7802,0.888223,0.550370,0.888223,true
5850,21466,0.996333,0.576772,0.996333,true
5860,59927,0.996104,0.548178,0.996104,true
5870,53858,0.870451,0.685436,0.870451,true
5880,153,0.931511,0.748869,0.931511,true
5890,8436,0.994968,0.933207,0.994968,true
5900,4021,0.761914,0.337850,0.761914,true
5910,36958,0.950037,0.718316,0.950037,true
5920,904,0.904615,0.543543,0.904615,true
5930,42092,0.860878,0.848159,0.860878,true
5940,35930,0.993545,0.647297,0.993545,true
5950,43979,0.605748,0.505601,0.605748,true
5960,46661,0.733934,0.560865,0.733934,true
5970,13044,0.875087,0.499842,0.875087,true
5980,52239,0.913187,0.623041,0.913187,true
5990,28938,0.889448,0.747538,0.889448,true
6000,57737,0.972455,0.626931,0.972455,true
6010,6165,0.963874,0.698869,0.963874,true
6020,38943,0.953347,0.582512,0.953347,true
6030,19021,0.997184,0.789792,0.997184,true
6040,48677,0.963242,0.688928,0.963242,true
6050,4930,0.921245,0.865990,0.921245,true
6060,42208,0.993840,0.520281,0.993840,true
6070,14562,0.937217,0.580760,0.937217,true
6080,32090,0.931059,0.564397,0.931059,true
6090,20443,0.809389,0.519249,0.809389,true
6100,17218,0.941588,0.780128,0.941588,true
6110,39224,0.929325,0.679758,0.929325,true
6120,19539,0.986152,0.653568,0.986152,true
6130,48791,0.996947,0.476996,0.996947,true
6140,33822,0.949870,0.789877,0.949870,true
6150,2368,0.845948,0.797119,0.845948,true
6160,54385,0.996932,0.503373,0.996932,true
6170,31973,0.970929,0.500047,0.970929,true
6180,2950,0.899601,0.538250,0.899601,true
6190,2170,0.706555,0.564817,0.706555,true
6200,5602,0.849007,0.471753,0.849007,true
6210,21695,0.954986,0.585195,0.954986,true
6220,27066,0.981650,0.455634,0.981650,true
6230,33630,0.967057,0.635330,0.967057,true
6240,11278,0.957250,0.802801,0.957250,true
6250,31427,0.876776,0.601560,0.876776,true
6260,36432,0.885421,0.561859,0.885421,true
6270,30249,0.830861,0.509908,0.830861,true
6280,8930,0.865828,0.576705,0.865828,true
6290,22009,0.879172,0.496111,0.879172,true
6300,17099,0.993117,0.368765,0.993117,true
6310,56933,0.756244,0.717562,0.756244,true
6320,6635,0.650894,0.601230,0.650894,true
6330,10778,0.982909,0.511062,0.982909,true
6340,19081,0.996647,0.337353,0.996647,true
6350,39217,0.967442,0.535941,0.967442,true
6360,40936,0.789743,0.866646,0.866646,false
6370,3251,0.905691,0.603904,0.905691,true
6380,35625,0.904852,0.840640,0.904852,true
6390,15634,0.811442,0.556591,0.811442,true
6400,42200,0.912178,0.731105,0.912178,true
6410,25992,0.985552,0.758538,0.985552,true
6420,48006,0.951766,0.877041,0.951766,true
6430,32671,0.906305,0.549832,0.906305,true
6440,7618,0.889148,0.789581,0.889148,true
6450,52712,0.933383,0.854818,0.933383,true
6460,33446,0.869653,0.527402,0.869653,true
6470,54409,0.823338,0.577850,0.823338,true
6480,25535,0.876837,0.875897,0.876837,true
6490,18570,0.982310,0.419230,0.982310,true
6500,32395,0.869660,0.826499,0.869660,true
6510,15838,0.961772,0.563355,0.961772,true
6520,20785,0.988113,0.609383,0.988113,true
6530,59864,0.893509,0.564418,0.893509,true
6540,3975,0.696555,0.615097,0.696555,true
6550,36059,0.730609,0.609038,0.730609,true
6560,59107,0.994304,0.524095,0.994304,true
6570,18736,0.978981,0.795826,0.978981,true
6580,5282,0.938131,0.709509,0.938131,true
6590,6340,0.958385,0.591891,0.958385,true
6600,54028,0.916630,0.663085,0.916630,true
6610,49096,0.867143,0.545615,0.867143,true
6620,11580,0.933335,0.844007,0.933335,true
6630,51686,0.993227,0.673279,0.993227,true
6640,26123,0.920440,0.630497,0.920440,true
6650,4815,0.867081,0.635437,0.867081,true
6660,48751,0.982190,0.561422,0.982190,true
6670,13643,0.991260,0.931597,0.991260,true
6680,35719,0.967877,0.672296,0.967877,true
6690,26442,0.898745,0.549937,0.898745,true
6700,14115,0.889004,0.614881,0.889004,true
6710,47331,0.993003,0.585548,0.993003,true
6720,6510,0.864122,0.585257,0.864122,true
6730,24385,0.469012,0.614672,0.614672,false
6740,38153,0.888407,0.645246,0.888407,true
6750,47533,0.996196,0.790031,0.996196,true
6760,45608,0.968566,0.410146,0.968566,true
6770,43034,0.886455,0.622324,0.886455,true
6780,28456,0.893316,0.518347,0.893316,true
6790,24879,0.808309,0.579978,0.808309,true
6800,4288,0.906864,0.659567,0.906864,true
6810,23342,0.615676,0.631221,0.631221,false
6820,58465,0.971798,0.475793,0.971798,true
6830,27935,0.837487,0.496065,0.837487,true
6840,35177,0.916238,0.754701,0.916238,true
6850,51668,0.939534,0.751781,0.939534,true
6860,3516,0.914239,0.518444,0.914239,true
6870,33073,0.910842,0.600152,0.910842,true
6880,4354,0.797450,0.799861,0.799861,false
6890,38285,0.953204,0.603662,0.953204,true
6900,899,0.858540,0.592004,0.858540,true
6910,28695,0.926580,0.531132,0.926580,true
6920,1382,0.929325,0.501216,0.929325,true
6930,39802,0.932882,0.739332,0.932882,true
6940,56684,0.795882,0.530240,0.795882,true
6950,22775,0.962889,0.516277,0.962889,true
6960,24162,0.980857,0.553424,0.980857,true
6970,53914,0.821723,0.606302,0.821723,true
6980,42564,0.956573,0.682831,0.956573,true
6990,47133,0.686840,0.747725,0.747725,false
7000,50552,0.932786,0.608075,0.932786,true
7010,52070,0.991003,0.493974,0.991003,true
7020,13235,0.911958,0.532155,0.911958,true
7030,59907,0.953206,0.577700,0.953206,true
7040,38749,0.939088,0.634696,0.939088,true
7050,25623,0.933472,0.827896,0.933472,true
7060,27272,0.904820,0.798004,0.904820,true
7070,5311,0.950571,0.527340,0.950571,true
7080,39815,0.962907,0.717229,0.962907,true
7090,49022,0.846507,0.511023,0.846507,true
7100,58905,0.848847,0.662375,0.848847,true
7110,14137,0.790403,0.631553,0.790403,true
7120,19370,0.937345,0.759614,0.937345,true
7130,8625,0.875351,0.547936,0.875351,true
7140,41782,0.735173,0.691726,0.735173,true
7150,44384,0.984602,0.390833,0.984602,true
7160,32998,0.887885,0.589006,0.887885,true
7170,6387,0.982820,0.533045,0.982820,true
7180,11787,0.911887,0.683721,0.911887,true
7190,26242,0.991414,0.417853,0.991414,true
7200,48148,0.987060,0.994510,0.994510,false
7210,54495,0.934168,0.484089,0.934168,true
7220,52377,0.738963,0.833351,0.833351,false
7230,8027,0.898410,0.531120,0.898410,true
7240,6468,0.756569,0.620642,0.756569,true
7250,51449,0.849273,0.796331,0.849273,true
7260,26237,0.889611,0.739262,0.889611,true
7270,56807,0.892372,0.598765,0.892372,true
7280,38255,0.978355,0.579019,0.978355,true
7290,8327,0.709242,0.540979,0.709242,true
7300,21943,0.898709,0.681588,0.898709,true
7310,300,0.757438,0.485349,0.757438,true
7320,1495,0.994683,0.533380,0.994683,true
7330,26194,0.955904,0.692344,0.955904,true
7340,37288,0.974997,0.836481,0.974997,true
7350,58508,0.920157,0.526050,0.920157,true
7360,28058,0.904008,0.695252,0.904008,true
7370,4979,0.976942,0.594920,0.976942,true
7380,15536,0.767083,0.559378,0.767083,true
7390,50478,0.993915,0.641491,0.993915,true
7400,6188,0.759830,0.578034,0.759830,true
7410,21763,0.997706,0.654652,0.997706,true
7420,54946,0.887476,0.802026,0.887476,true
7430,40940,0.916513,0.743380,0.916513,true
7440,59163,0.855080,0.531946,0.855080,true
7450,27570,0.823949,0.815345,0.823949,true
7460,20294,0.916410,0.571075,0.916410,true
7470,12042,0.777759,0.664572,0.777759,true
7480,38291,0.726700,0.707471,0.726700,true
7490,38062,0.916984,0.627738,0.916984,true
7500,19973,0.915749,0.679763,0.915749,true
7510,17326,0.993969,0.682307,0.993969,true
7520,46691,0.929356,0.635229,0.929356,true
7530,30484,0.828989,0.505789,0.828989,true
7540,27348,0.887621,0.451147,0.887621,true
7550,47969,0.867089,0.593716,0.867089,true
7560,48486,0.908760,0.529130,0.908760,true
7570,37557,0.899340,0.727458,0.899340,true
7580,3343,0.982478,0.549513,0.982478,true
7590,57494,0.939160,0.605617,0.939160,true
7600,21310,0.992429,0.597094,0.992429,true
7610,20074,0.877936,0.704944,0.877936,true
7620,37052,0.985614,0.673014,0.985614,true
7630,53419,0.993223,0.876341,0.993223,true
7640,18855,0.989613,0.597060,0.989613,true
7650,12466,0.992708,0.755670,0.992708,true
7660,15059,0.967590,0.422832,0.967590,true
7670,30736,0.832259,0.443954,0.832259,true
7680,11015,0.996480,0.686514,0.996480,true
7690,48566,0.837052,0.526298,0.837052,true
7700,4809,0.953202,0.599287,0.953202,true
7710,30984,0.948726,0.597076,0.948726,true
7720,55112,0.953344,0.565893,0.953344,true
7730,38571,0.937754,0.569978,0.937754,true
7740,5828,0.921200,0.499529,0.921200,true
7750,44963,0.976978,0.583646,0.976978,true
7760,51336,0.946513,0.567446,0.946513,true
7770,51395,0.823990,0.973572,0.973572,false
7780,1869,0.994647,0.675357,0.994647,true
7790,58388,0.730869,0.885847,0.885847,false
7800,18489,0.937979,0.767940,0.937979,true
7810,40255,0.941185,0.512120,0.941185,true
7820,41881,0.977283,0.637418,0.977283,true
7830,9535,0.986107,0.913305,0.986107,true
7840,24169,0.909244,0.605883,0.909244,true
7850,23048,0.851189,0.594884,0.851189,true
7860,1178,0.903738,0.544708,0.903738,true
7870,31717,0.997210,0.801553,0.997210,true
7880,49357,0.930210,0.555664,0.930210,true
7890,30253,0.957287,0.805772,0.957287,true
7900,17363,0.664450,0.594749,0.664450,true
7910,31848,0.925903,0.666669,0.925903,true
7920,2515,0.968352,0.823799,0.968352,true
7930,58350,0.957938,0.649890,0.957938,true
7940,1500,0.813614,0.553879,0.813614,true
7950,43102,0.979312,0.598729,0.979312,true
7960,11293,0.952005,0.824349,0.952005,true
7970,24794,0.826772,0.504131,0.826772,true
7980,34352,0.945159,0.569978,0.945159,true
7990,28348,0.902315,0.696139,0.902315,true
8000,29603,0.766454,0.462317,0.766454,true
8010,4712,0.904298,0.859165,0.904298,true
8020,44096,0.994883,0.565108,0.994883,true
8030,39553,0.920166,0.468952,0.920166,true
8040,54551,0.991533,0.637333,0.991533,true
8050,7618,0.881637,0.878485,0.881637,true
8060,31773,0.758716,0.538935,0.758716,true
8070,52712,0.933383,0.881833,0.933383,true
8080,44658,0.999788,0.643405,0.999788,true
8090,38604,0.772436,0.554491,0.772436,true
8100,31427,0.946495,0.517724,0.946495,true
8110,10038,0.986213,0.524621,0.986213,true
8120,58369,0.972455,0.714629,0.972455,true
8130,11460,0.893916,0.745708,0.893916,true
8140,1238,0.956383,0.760506,0.956383,true
8150,4889,0.848278,0.432476,0.848278,true
8160,27311,0.917436,0.946674,0.946674,false
8170,2702,0.983550,0.682323,0.983550,true
8180,8415,0.950949,0.720823,0.950949,true
8190,51351,0.787266,0.521797,0.787266,true
8200,25056,0.903240,0.613433,0.903240,true
8210,32173,0.965098,0.459343,0.965098,true
8220,38369,0.912909,0.652698,0.912909,true
8230,14048,0.936900,0.798801,0.936900,true
8240,8083,0.850797,0.476275,0.850797,true
8250,27432,0.868926,0.568143,0.868926,true
8260,9429,0.979701,0.740271,0.979701,true
8270,17884,0.905759,0.690663,0.905759,true
8280,56999,0.924243,0.905992,0.924243,true
8290,51937,0.956556,0.655576,0.956556,true
8300,7058,0.872997,0.603437,0.872997,true
8310,1385,0.973913,0.648315,0.973913,true
8320,32050,0.854617,0.705270,0.854617,true
8330,21769,0.967474,0.670586,0.967474,true
8340,14847,0.992826,0.383793,0.992826,true
8350,23451,0.851005,0.674120,0.851005,true
8360,17748,0.978295,0.540986,0.978295,true
8370,19202,0.971894,0.893830,0.971894,true
8380,11279,0.927511,0.487068,0.927511,true
8390,9788,0.927652,0.794707,0.927652,true
8400,53063,0.927083,0.663904,0.927083,true
8410,8465,0.979590,0.505763,0.979590,true
8420,880,0.890727,0.721567,0.890727,true
8430,18407,0.716340,0.631000,0.716340,true
8440,37568,0.947084,0.640250,0.947084,true
8450,3516,0.837437,0.557892,0.837437,true
8460,30981,0.842672,0.517897,0.842672,true
8470,44191,0.986303,0.722819,0.986303,true
8480,52324,0.889010,0.787960,0.889010,true
8490,54663,0.908080,0.459531,0.908080,true
8500,14562,0.937217,0.554369,0.937217,true
8510,52475,0.881955,0.540953,0.881955,true
8520,7254,0.902855,0.676931,0.902855,true
8530,9804,0.752369,0.692488,0.752369,true
8540,49697,0.970864,0.611229,0.970864,true
8550,40895,0.923886,0.948603,0.948603,false
8560,13694,0.973839,0.723339,0.973839,true
8570,49911,0.940505,0.779647,0.940505,true
8580,24601,0.890760,0.583426,0.890760,true
8590,56551,0.980059,0.686315,0.980059,true
8600,24533,0.902357,0.507521,0.902357,true
8610,14479,0.947199,0.579017,0.947199,true
8620,4930,0.921245,0.846249,0.921245,true
8630,7019,0.892361,0.666571,0.892361,true
8640,40255,0.951168,0.501268,0.951168,true
8650,5149,0.994222,0.594555,0.994222,true
8660,39989,0.980231,0.801190,0.980231,true
8670,33386,0.952126,0.483957,0.952126,true
8680,40255,0.936930,0.549332,0.936930,true
8690,25022,0.986868,0.534931,0.986868,true
8700,54098,0.942160,0.685567,0.942160,true
8710,41093,0.820505,0.761148,0.820505,true
8720,32500,0.932183,0.641427,0.932183,true
8730,33202,0.856119,0.406444,0.856119,true
8740,38963,0.989409,0.493058,0.989409,true
8750,26644,0.887530,0.743254,0.887530,true
8760,33682,0.959636,0.605398,0.959636,true
8770,39510,0.957064,0.518604,0.957064,true
8780,4181,0.861166,0.880045,0.880045,false
8790,2160,0.822603,0.727294,0.822603,true
8800,19040,0.896854,0.594476,0.896854,true
8810,16244,0.995115,0.600288,0.995115,true
8820,16074,0.878891,0.600400,0.878891,true
8830,9116,0.727557,0.574853,0.727557,true
8840,25546,0.889013,0.661764,0.889013,true
8850,32512,0.969720,0.877139,0.969720,true
8860,29343,0.682476,0.485970,0.682476,true
8870,15606,0.966918,0.592994,0.966918,true
8880,60220,0.899135,0.715136,0.899135,true
8890,2814,0.800441,0.771722,0.800441,true
8900,4736,0.832759,0.590500,0.832759,true
8910,6536,0.970185,0.754000,0.970185,true
8920,32282,0.994886,0.797228,0.994886,true
8930,36197,0.984432,0.830377,0.984432,true
8940,13191,0.979004,0.655235,0.979004,true
8950,17316,0.884622,0.857780,0.884622,true
8960,34416,0.969412,0.834571,0.969412,true
8970,26915,0.971103,0.654162,0.971103,true
8980,2496,0.818964,0.498002,0.818964,true
8990,2512,0.970719,0.893927,0.970719,true
9000,9242,0.977474,0.459395,0.977474,true
9010,21175,0.817530,0.491618,0.817530,true
9020,30484,0.828989,0.581684,0.828989,true
9030,55800,0.826658,0.446175,0.826658,true
9040,43843,0.892230,0.492596,0.892230,true
9050,17828,0.913585,0.691009,0.913585,true
9060,17809,0.913775,0.799524,0.913775,true
9070,33120,0.907518,0.546097,0.907518,true
9080,2372,0.949312,0.471089,0.949312,true
9090,31838,0.927712,0.785250,0.927712,true
9100,30747,0.882730,0.780936,0.882730,true
9110,56583,0.879790,0.451636,0.879790,true
9120,18417,0.977726,0.531198,0.977726,true
9130,15304,0.824015,0.589744,0.824015,true
9140,58827,0.740500,0.698917,0.740500,true
9150,24082,0.939311,0.468231,0.939311,true
9160,9513,0.977730,0.694515,0.977730,true
9170,44027,0.963678,0.626098,0.963678,true
9180,26915,0.971103,0.694089,0.971103,true
9190,22975,0.743509,0.717962,0.743509,true
9200,7740,0.838778,0.721760,0.838778,true
9210,7461,0.903422,0.467465,0.903422,true
9220,58043,0.893950,0.551465,0.893950,true
9230,120,0.941195,0.560039,0.941195,true
9240,26564,0.982661,0.537168,0.982661,true
9250,38703,0.955082,0.631278,0.955082,true
9260,46578,0.962028,0.557770,0.962028,true
9270,6142,0.975607,0.738677,0.975607,true
9280,16414,0.948451,0.836525,0.948451,true
9290,8036,0.907687,0.612844,0.907687,true
9300,53297,0.909083,0.606703,0.909083,true
9310,54875,0.936408,0.788480,0.936408,true
9320,41483,0.960119,0.811160,0.960119,true
9330,38214,0.960830,0.687450,0.960830,true
9340,4488,0.920887,0.496688,0.920887,true
9350,46846,0.995541,0.357985,0.995541,true
9360,59019,0.732767,0.711029,0.732767,true
9370,727,0.909634,0.790545,0.909634,true
9380,47276,0.980967,0.686829,0.980967,true
9390,57835,0.866808,0.553413,0.866808,true
9400,18974,0.963066,0.843024,0.963066,true
9410,15468,0.986305,0.790060,0.986305,true
9420,6674,0.975041,0.527496,0.975041,true
9430,8422,0.970626,0.474158,0.970626,true
9440,49017,0.985442,0.903956,0.985442,true
9450,22888,0.860998,0.798970,0.860998,true
9460,51062,0.982264,0.744419,0.982264,true
9470,43777,0.868300,0.846580,0.868300,true
9480,33027,0.787165,0.514472,0.787165,true
9490,3818,0.746612,0.751177,0.751177,false
9500,7788,0.924049,0.581251,0.924049,true
9510,38836,0.913069,0.498535,0.913069,true
9520,42489,0.886711,0.586650,0.886711,true
9530,24006,0.949410,0.569916,0.949410,true
9540,15329,0.962560,0.386984,0.962560,true
9550,54495,0.958549,0.477712,0.958549,true
9560,33640,0.922632,0.649922,0.922632,true
9570,3328,0.906558,0.567752,0.906558,true
9580,26194,0.955904,0.673713,0.955904,true
9590,31343,0.877246,0.730689,0.877246,true
9600,24593,0.644132,0.751177,0.751177,false
9610,6780,0.842048,0.550740,0.842048,true
9620,59288,0.912045,0.368579,0.912045,true
9630,36757,0.819536,0.849200,0.849200,false
9640,6165,0.945126,0.696340,0.945126,true
9650,27984,0.841951,0.621935,0.841951,true
9660,667,0.800012,0.607309,0.800012,true
9670,21734,0.905266,0.845257,0.905266,true
9680,9646,0.915568,0.456468,0.915568,true
9690,19568,0.867481,0.701081,0.867481,true
9700,26169,0.689110,0.510154,0.689110,true
9710,24093,0.828614,0.484507,0.828614,true
9720,38797,0.892844,0.592057,0.892844,true
9730,27072,0.836093,0.501332,0.836093,true
9740,57179,0.952003,0.699921,0.952003,true
9750,33807,0.935099,0.745153,0.935099,true
9760,5152,0.960321,0.646675,0.960321,true
9770,6245,0.971215,0.641008,0.971215,true
9780,50251,0.756754,0.415548,0.756754,true
9790,54601,0.998441,0.768598,0.998441,true
9800,27745,0.874195,0.802757,0.874195,true
9810,3114,0.889828,0.640972,0.889828,true
9820,36552,0.996179,0.666525,0.996179,true
9830,30974,0.899980,0.489179,0.899980,true
9840,51364,0.954558,0.757785,0.954558,true
9850,47747,0.897966,0.828238,0.897966,true
9860,44003,0.949976,0.682986,0.949976,true
9870,39947,0.964052,0.708780,0.964052,true
9880,49487,0.928310,0.555828,0.928310,true
9890,43686,0.953611,0.806024,0.953611,true
9900,25839,0.568743,0.571391,0.571391,false
9910,27113,0.863277,0.369101,0.863277,true
9920,47593,0.945718,0.736803,0.945718,true
9930,39995,0.980190,0.848917,0.980190,true
9940,1928,0.964062,0.839261,0.964062,true
9950,29770,0.997584,0.407070,0.997584,true
9960,53155,0.993540,0.571322,0.993540,true
9970,54084,0.757441,0.678104,0.757441,true
9980,792,0.752230,0.489283,0.752230,true
9990,43605,0.789907,0.632473,0.789907,true
10000,31755,0.696623,0.563759,0.696623,true
10010,1069,0.803471,0.545388,0.803471,true
10020,43864,0.901053,0.765598,0.901053,true
10030,32703,0.955559,0.894695,0.955559,true
10040,4974,0.873401,0.737845,0.873401,true
10050,27808,0.988950,0.819937,0.988950,true
10060,60091,0.939800,0.939899,0.939899,false
10070,47601,0.956290,0.511551,0.956290,true
10080,54043,0.997631,0.774805,0.997631,true
10090,18590,0.874088,0.788562,0.874088,true
10100,58559,0.943847,0.566960,0.943847,true
10110,2921,0.989993,0.410775,0.989993,true
10120,21121,0.866063,0.710096,0.866063,true
10130,32739,0.951889,0.624879,0.951889,true
10140,26198,0.771144,0.726379,0.771144,true
10150,31513,0.853984,0.878471,0.878471,false
10160,32449,0.779231,0.519543,0.779231,true
10170,33956,0.905734,0.668001,0.905734,true
10180,46799,0.817193,0.758229,0.817193,true
10190,24790,0.817966,0.553009,0.817966,true
10200,25228,0.834064,0.565748,0.834064,true
10210,55139,0.943334,0.578734,0.943334,true
10220,10632,0.894315,0.716091,0.894315,true
10230,29745,0.917601,0.717959,0.917601,true
10240,54775,0.964336,0.839599,0.964336,true
10250,7854,0.792272,0.755126,0.792272,true
10260,7303,0.817944,0.529250,0.817944,true
10270,48759,0.959558,0.613060,0.959558,true
10280,56304,0.995966,0.551043,0.995966,true
10290,12268,0.876297,0.705747,0.876297,true
10300,45018,0.791717,0.655957,0.791717,true
10310,10050,0.909710,0.584424,0.909710,true
10320,17631,0.832841,0.607579,0.832841,true
10330,35960,0.736450,0.611827,0.736450,true
10340,44506,0.983902,0.642998,0.983902,true
10350,3049,0.849005,0.598770,0.849005,true
10360,30253,0.828848,0.668866,0.828848,true
10370,48121,0.992920,0.709349,0.992920,true
10380,33205,0.949265,0.434338,0.949265,true
10390,27500,0.992452,0.631907,0.992452,true
10400,24851,0.966785,0.341407,0.966785,true
10410,31725,0.771398,0.658031,0.771398,true
10420,8591,0.908909,0.732943,0.908909,true
10430,56743,0.969664,0.446752,0.969664,true
10440,37167,0.923812,0.645372,0.923812,true
10450,24547,0.958712,0.574407,0.958712,true
10460,21748,0.920747,0.525366,0.920747,true
10470,32304,0.932273,0.526357,0.932273,true
10480,14190,0.948156,0.714670,0.948156,true
10490,41898,0.796424,0.547341,0.796424,true
10500,49054,0.908239,0.490210,0.908239,true
10510,41950,0.976918,0.491230,0.976918,true
10520,32059,0.951357,0.412883,0.951357,true
10530,19443,0.875870,0.456282,0.875870,true
10540,20946,0.858447,0.496926,0.858447,true
10550,5535,0.947938,0.519567,0.947938,true
10560,19420,0.823006,0.640114,0.823006,true
10570,23832,0.908024,0.832888,0.908024,true
10580,25602,0.833093,0.842894,0.842894,false
10590,15696,0.567664,0.461030,0.567664,true
10600,39060,0.921862,0.524037,0.921862,true
10610,53812,0.996802,0.742501,0.996802,true
10620,31796,0.889831,0.771958,0.889831,true
10630,55830,0.996821,0.633880,0.996821,true
10640,19011,0.915131,0.718978,0.915131,true
10650,9052,0.959067,0.520210,0.959067,true
10660,33194,0.989513,0.507177,0.989513,true
10670,30175,0.817941,0.524299,0.817941,true
10680,4368,0.847091,0.841493,0.847091,true
10690,667,0.800012,0.542441,0.800012,true
10700,19904,0.898169,0.661863,0.898169,true
10710,24790,0.817966,0.604319,0.817966,true
10720,11962,0.996605,0.682691,0.996605,true
10730,30076,0.792172,0.775064,0.792172,true
10740,33106,0.944940,0.674344,0.944940,true
10750,30981,0.842672,0.466368,0.842672,true
10760,675,0.992322,0.491607,0.992322,true
10770,21917,0.988872,0.579844,0.988872,true
10780,38984,0.911189,0.455888,0.911189,true
10790,153,0.940597,0.863238,0.940597,true
10800,30096,0.978820,0.524540,0.978820,true
10810,36114,0.782973,0.544118,0.782973,true
10820,31086,0.973820,0.770890,0.973820,true
10830,3787,0.921140,0.682307,0.921140,true
10840,16053,0.940637,0.757181,0.940637,true
10850,59382,0.767327,0.449274,0.767327,true
10860,19882,0.880061,0.570705,0.880061,true
10870,6164,0.782763,0.490795,0.782763,true
10880,31499,0.970275,0.821111,0.970275,true
10890,33210,0.944024,0.640970,0.944024,true
10900,48379,0.947867,0.755191,0.947867,true
10910,10849,0.994808,0.864253,0.994808,true
10920,37985,0.913282,0.661829,0.913282,true
10930,7019,0.892361,0.700315,0.892361,true
10940,31796,0.919225,0.795847,0.919225,true
10950,44154,0.947455,0.754837,0.947455,true
10960,19147,0.949691,0.637340,0.949691,true
10970,2323,0.980466,0.656011,0.980466,true
10980,6719,0.908018,0.665892,0.908018,true
10990,28639,0.931982,0.616426,0.931982,true
11000,54043,0.982344,0.786934,0.982344,true
11010,42340,0.993010,0.459622,0.993010,true
11020,42779,0.975583,0.767976,0.975583,true
11030,20093,0.819492,0.603374,0.819492,true
11040,26792,0.727729,0.461306,0.727729,true
11050,11679,0.943274,0.604109,0.943274,true
11060,12284,0.974509,0.873389,0.974509,true
11070,34141,0.970562,0.564233,0.970562,true
11080,16810,0.660937,0.755216,0.755216,false
11090,28284,0.970335,0.740230,0.970335,true
11100,29557,0.924263,0.467450,0.924263,true
11110,35010,0.910915,0.735638,0.910915,true
11120,45467,0.962596,0.470256,0.962596,true
11130,11580,0.931702,0.896898,0.931702,true
11140,1543,0.610610,0.488687,0.610610,true
11150,23460,0.890869,0.613504,0.890869,true
11160,56367,0.997648,0.552743,0.997648,true
11170,4423,0.853037,0.719034,0.853037,true
11180,56634,0.943286,0.566960,0.943286,true
11190,46031,0.984688,0.734952,0.984688,true
11200,26878,0.785780,0.656060,0.785780,true
11210,20928,0.785695,0.554000,0.785695,true
11220,9063,0.881546,0.789482,0.881546,true
11230,30317,0.797753,0.589635,0.797753,true
11240,40737,0.713582,0.659186,0.713582,true
11250,23441,0.991827,0.659538,0.991827,true
11260,17348,0.929294,0.707188,0.929294,true
11270,22617,0.885091,0.611175,0.885091,true
11280,12292,0.970783,0.804944,0.970783,true
11290,20929,0.920580,0.825532,0.920580,true
11300,6957,0.797616,0.786917,0.797616,true
11310,25490,0.852096,0.652920,0.852096,true
11320,41400,0.924942,0.537920,0.924942,true
11330,49650,0.984142,0.797140,0.984142,true
11340,21448,0.887426,0.780936,0.887426,true
11350,46826,1.000000,0.600903,1.000000,true
11360,52004,0.888197,0.517674,0.888197,true
11370,14362,0.984699,0.710189,0.984699,true
11380,14933,0.877301,0.745033,0.877301,true
11390,58532,0.968209,0.622743,0.968209,true
11400,16261,0.966499,0.885159,0.966499,true
11410,55861,0.978315,0.721234,0.978315,true
11420,1699,0.949452,0.697879,0.949452,true
11430,43482,0.877577,0.674294,0.877577,true
11440,9406,0.981083,0.623818,0.981083,true
11450,56571,0.899778,0.617404,0.899778,true
11460,56616,0.897108,0.553420,0.897108,true
11470,53353,0.949393,0.888738,0.949393,true
11480,5379,0.945672,0.558433,0.945672,true
11490,21850,0.952979,0.654116,0.952979,true
11500,241,0.920537,0.597240,0.920537,true
11510,56338,0.991697,0.457734,0.991697,true
11520,57318,0.987139,0.532379,0.987139,true
11530,16858,0.892227,0.523627,0.892227,true
11540,43887,0.819273,0.777315,0.819273,true
11550,57473,0.931210,0.550999,0.931210,true
11560,11990,0.894604,0.884150,0.894604,true
11570,1785,0.793250,0.963976,0.963976,false
11580,34110,0.936659,0.804952,0.936659,true
11590,53103,0.941175,0.614007,0.941175,true
11600,6303,0.799875,0.570588,0.799875,true
11610,53368,0.979422,0.798372,0.979422,true
11620,12693,0.989088,0.673954,0.989088,true
11630,43698,0.892732,0.496104,0.892732,true
11640,44394,0.946679,0.523932,0.946679,true
11650,22316,0.847725,0.602011,0.847725,true
11660,56243,0.940685,0.726308,0.940685,true
11670,15996,0.892869,0.723254,0.892869,true
11680,1447,0.995956,0.957037,0.995956,true
11690,24076,0.880626,0.375228,0.880626,true
11700,8678,0.866538,0.604656,0.866538,true
11710,19484,0.826765,0.778460,0.826765,true
11720,34190,0.989555,0.570507,0.989555,true
11730,9655,0.931831,0.709509,0.931831,true
11740,28594,0.683257,0.510862,0.683257,true
11750,39583,0.973500,0.622483,0.973500,true
11760,6965,0.921039,0.457653,0.921039,true
11770,38447,0.912107,0.823667,0.912107,true
11780,13703,0.816543,0.614234,0.816543,true
11790,7585,0.799679,0.587437,0.799679,true
11800,3354,0.946136,0.507268,0.946136,true
11810,7615,0.997302,0.910623,0.997302,true
11820,6540,0.830990,0.645649,0.830990,true
11830,13791,0.896040,0.800914,0.896040,true
11840,15869,0.939559,0.537577,0.939559,true
11850,24203,0.981006,0.614368,0.981006,true
11860,47795,0.818612,0.766115,0.818612,true
11870,26878,0.785780,0.682831,0.785780,true
11880,6455,0.918809,0.738032,0.918809,true
11890,32104,0.810178,0.629210,0.810178,true
11900,53770,0.951553,0.781087,0.951553,true
11910,58935,0.885384,0.589027,0.885384,true
11920,41052,0.905322,0.736803,0.905322,true
11930,10185,0.831412,0.989838,0.989838,false
11940,4700,0.965993,0.709457,0.965993,true
11950,28825,0.866958,0.673288,0.866958,true
11960,53894,0.995084,0.632182,0.995084,true
11970,398,0.813823,0.519463,0.813823,true
11980,32628,0.845773,0.568619,0.845773,true
11990,46124,0.791790,0.631000,0.791790,true
12000,59497,0.929164,0.620792,0.929164,true
12010,44984,0.990987,0.586124,0.990987,true
12020,39089,0.891931,0.721828,0.891931,true
12030,43194,0.952049,0.526976,0.952049,true
12040,57531,0.758557,0.606683,0.758557,true
12050,9688,0.965276,0.651774,0.965276,true
12060,34048,0.996171,0.621246,0.996171,true
12070,31976,0.845572,0.540893,0.845572,true
12080,23845,0.923799,0.740929,0.923799,true
12090,22857,0.844669,0.735217,0.844669,true
12100,45185,0.863847,0.479294,0.863847,true
12110,54810,0.944140,0.746670,0.944140,true
12120,58850,0.942352,0.657894,0.942352,true
12130,36958,0.950037,0.704559,0.950037,true
12140,55274,0.983278,0.809012,0.983278,true
12150,5083,0.965618,0.528465,0.965618,true
12160,37497,0.920005,0.666127,0.920005,true
12170,16188,0.943795,0.398369,0.943795,true
12180,241,0.755145,0.585298,0.755145,true
12190,25707,0.754287,0.473622,0.754287,true
12200,48244,0.974241,0.663689,0.974241,true
12210,1539,0.777682,0.698665,0.777682,true
12220,9086,0.976072,0.642114,0.976072,true
12230,21734,0.906755,0.723056,0.906755,true
12240,23832,0.814267,0.891838,0.891838,false
12250,6910,0.719150,0.443031,0.719150,true
12260,54220,0.902704,0.874156,0.902704,true
12270,40196,0.960804,0.545961,0.960804,true
12280,29950,0.950874,0.489471,0.950874,true
12290,54392,0.924476,0.791572,0.924476,true
12300,1584,0.954409,0.583269,0.954409,true
12310,38025,0.894199,0.708869,0.894199,true
12320,41012,0.902986,0.454428,0.902986,true
12330,37568,0.850087,0.616676,0.850087,true
12340,36777,0.938725,0.528922,0.938725,true
12350,55418,0.941641,0.602543,0.941641,true
12360,58841,0.969512,0.538964,0.969512,true
12370,40189,0.905852,0.617888,0.905852,true
12380,4385,0.653463,0.592000,0.653463,true
12390,52092,0.840136,0.482032,0.840136,true
12400,48870,0.931287,0.772645,0.931287,true
12410,39400,0.955103,0.760506,0.955103,true
12420,5536,0.861744,0.533582,0.861744,true
12430,32104,0.810178,0.602061,0.810178,true
12440,28348,0.902315,0.632583,0.902315,true
12450,13420,0.985006,0.551620,0.985006,true
12460,39560,0.859647,0.556590,0.859647,true
12470,42022,0.984488,0.574675,0.984488,true
12480,42097,0.865394,0.788779,0.865394,true
12490,54559,0.858453,0.635656,0.858453,true
12500,27741,0.828287,0.611645,0.828287,true
12510,12189,0.912536,0.704727,0.912536,true
12520,59069,0.887727,0.571391,0.887727,true
12530,41757,0.967054,0.599148,0.967054,true
12540,2921,0.989993,0.420605,0.989993,true
12550,47663,0.907308,0.709579,0.907308,true
12560,9472,0.938894,0.567518,0.938894,true
12570,31111,0.922054,0.658352,0.922054,true
12580,42814,0.968960,0.533291,0.968960,true
12590,43757,0.838190,0.679677,0.838190,true
12600,24860,0.832714,0.454571,0.832714,true
12610,34341,0.954339,0.608446,0.954339,true
12620,22800,0.846745,0.747761,0.846745,true
12630,21652,0.857236,0.562822,0.857236,true
12640,59108,0.824042,0.698425,0.824042,true
12650,18808,0.976420,0.653009,0.976420,true
12660,3533,0.944137,0.585606,0.944137,true
12670,13895,0.851397,0.532736,0.851397,true
12680,4916,0.877210,0.732998,0.877210,true
12690,46616,0.969872,0.646301,0.969872,true
12700,27612,0.932537,0.598666,0.932537,true
12710,58639,0.970034,0.485098,0.970034,true
12720,52098,1.000000,0.826207,1.000000,true
12730,9138,0.871447,0.647660,0.871447,true
12740,14906,0.971127,0.685909,0.971127,true
12750,13933,0.911617,0.365409,0.911617,true
12760,27750,0.838580,0.641330,0.838580,true
12770,7854,0.881170,0.816741,0.881170,true
12780,39729,0.977289,0.882773,0.977289,true
12790,14107,0.796434,0.607475,0.796434,true
12800,16527,0.872768,0.601717,0.872768,true
12810,47571,0.979175,0.874232,0.979175,true
12820,731,0.914511,0.606821,0.914511,true
12830,5837,0.850178,0.640382,0.850178,true
12840,9057,0.919924,0.525385,0.919924,true
12850,13373,0.653679,0.730189,0.730189,false
12860,30904,0.878688,0.586493,0.878688,true
12870,13420,0.961992,0.579861,0.961992,true
12880,8182,0.868527,0.406266,0.868527,true
12890,10884,0.894109,0.843489,0.894109,true
12900,41481,0.877579,0.631268,0.877579,true
12910,33499,0.956401,0.515467,0.956401,true
12920,49506,0.948723,0.782091,0.948723,true
12930,47816,0.956445,0.656944,0.956445,true
12940,60261,0.993105,0.632674,0.993105,true
12950,38895,0.891260,0.553136,0.891260,true
12960,33582,0.763100,0.638276,0.763100,true
12970,19855,0.994532,0.618392,0.994532,true
12980,704,0.951688,0.638401,0.951688,true
12990,38165,0.923181,0.834776,0.923181,true
13000,49041,0.924031,0.488071,0.924031,true
13010,29306,0.750201,0.411637,0.750201,true
13020,4233,0.766997,0.641581,0.766997,true
13030,35835,0.996105,0.644596,0.996105,true
13040,23441,0.938229,0.609677,0.938229,true
13050,8596,0.831207,0.838669,0.838669,false
13060,48522,0.857668,0.455560,0.857668,true
13070,58598,0.785530,0.579280,0.785530,true
13080,25143,0.856417,0.628220,0.856417,true
13090,47022,0.993608,0.702628,0.993608,true
13100,3006,0.850624,0.609166,0.850624,true
13110,145,0.910342,0.493167,0.910342,true
13120,13147,0.992248,0.601160,0.992248,true
13130,28131,0.916125,0.440531,0.916125,true
13140,44945,0.852215,0.685376,0.852215,true
13150,1143,0.987874,0.489962,0.987874,true
13160,39510,0.921158,0.496631,0.921158,true
13170,24725,0.856609,0.633591,0.856609,true
13180,4568,0.978930,0.588043,0.978930,true
13190,8422,0.970626,0.480767,0.970626,true
13200,34499,0.875825,0.869590,0.875825,true
13210,43307,0.813099,0.637507,0.813099,true
13220,35960,0.905114,0.628270,0.905114,true
13230,32282,0.940112,0.793743,0.940112,true
13240,37129,0.985603,0.663250,0.985603,true
13250,33364,0.987090,0.635229,0.987090,true
13260,30665,0.941088,0.447531,0.941088,true
13270,17299,0.870195,0.515800,0.870195,true
13280,33684,0.959586,0.651565,0.959586,true
13290,49073,0.981637,0.401512,0.981637,true
13300,21901,0.962406,0.602587,0.962406,true
13310,54775,0.914918,0.868676,0.914918,true
13320,28884,0.881140,0.565229,0.881140,true
13330,3761,0.831805,0.655037,0.831805,true
13340,10260,0.889254,0.576354,0.889254,true
13350,27662,0.973128,0.789823,0.973128,true
13360,22779,0.958332,0.417139,0.958332,true
13370,24721,0.919185,0.795205,0.919185,true
13380,12620,0.970275,0.785315,0.970275,true
13390,32206,0.988943,0.557024,0.988943,true
13400,43436,0.983771,0.552680,0.983771,true
13410,58610,0.995135,0.439404,0.995135,true
13420,15483,0.964597,0.517462,0.964597,true
13430,8764,0.773558,0.460636,0.773558,true
13440,16027,0.844489,0.700634,0.844489,true
13450,35184,0.956871,0.741183,0.956871,true
13460,1385,0.870343,0.586654,0.870343,true
13470,38757,0.994776,0.455058,0.994776,true
13480,51536,0.983842,0.688651,0.983842,true
13490,48026,0.957010,0.721132,0.957010,true
13500,21124,0.885927,0.878187,0.885927,true
13510,54777,0.910128,0.896980,0.910128,true
13520,46480,0.938901,0.605852,0.938901,true
13530,6389,0.779104,0.577698,0.779104,true
13540,30081,0.941270,0.649918,0.941270,true
13550,7618,0.737106,0.624511,0.737106,true
13560,6540,0.848575,0.728188,0.848575,true
13570,13922,0.903491,0.650985,0.903491,true
13580,28271,0.882021,0.421891,0.882021,true
13590,1447,0.872081,0.872625,0.872625,false
13600,32965,0.950076,0.831692,0.950076,true
13610,25366,0.757819,0.706462,0.757819,true
13620,15147,0.914734,0.629503,0.914734,true
13630,10900,0.892511,0.663176,0.892511,true
13640,49432,0.921931,0.616313,0.921931,true
13650,50876,0.997856,0.512969,0.997856,true
13660,5385,0.834582,0.472676,0.834582,true
13670,37086,0.722243,0.568750,0.722243,true
13680,11881,0.911996,0.552935,0.911996,true
13690,153,0.931034,0.759888,0.931034,true
13700,30048,0.938447,0.640738,0.938447,true
13710,15130,0.893952,0.495284,0.893952,true
13720,16739,0.989776,0.854384,0.989776,true
13730,30267,0.841400,0.665872,0.841400,true
13740,6679,0.756897,0.780957,0.780957,false
13750,56307,0.995305,0.509559,0.995305,true
13760,58032,0.917766,0.472826,0.917766,true
13770,31082,0.850779,0.419392,0.850779,true
13780,55135,0.941808,0.608548,0.941808,true
13790,30146,0.971774,0.721388,0.971774,true
13800,36627,0.875052,0.553005,0.875052,true
13810,35363,0.950556,0.764335,0.950556,true
13820,8327,0.709242,0.475673,0.709242,true
13830,59643,0.946621,0.571475,0.946621,true
13840,35346,0.846614,0.772444,0.846614,true
13850,41820,0.951634,0.607731,0.951634,true
13860,60165,0.939730,0.760152,0.939730,true
13870,41655,0.950700,0.576292,0.950700,true
13880,10242,0.860326,0.588258,0.860326,true
13890,34852,0.601499,0.601450,0.601499,true
13900,7544,0.805670,0.747008,0.805670,true
13910,19715,0.959994,0.672958,0.959994,true
13920,24956,0.938060,0.638559,0.938060,true
13930,32415,0.875813,0.594088,0.875813,true
13940,33859,0.975056,0.739734,0.975056,true
13950,33854,0.965987,0.892185,0.965987,true
13960,40907,0.925182,0.848356,0.925182,true
13970,28134,0.941570,0.496726,0.941570,true
13980,60104,0.996761,0.614247,0.996761,true
13990,13373,0.921880,0.815594,0.921880,true
14000,40705,0.908681,0.572191,0.908681,true
14010,38023,0.793733,0.638391,0.793733,true
14020,47788,0.966767,0.848047,0.966767,true
14030,21632,0.840202,0.683580,0.840202,true
14040,17165,0.959231,0.743634,0.959231,true
14050,44740,0.839477,0.815989,0.839477,true
14060,16937,0.961266,0.448389,0.961266,true
14070,28702,0.959164,0.618411,0.959164,true
14080,18837,0.855555,0.582326,0.855555,true
14090,921,0.983162,0.508508,0.983162,true
14100,16311,0.796620,0.590623,0.796620,true
14110,51536,0.989876,0.698488,0.989876,true
14120,54524,0.774465,0.501396,0.774465,true
14130,33116,0.962722,0.690757,0.962722,true
14140,39455,0.933643,0.802001,0.933643,true
14150,58465,0.971798,0.493082,0.971798,true
14160,10020,0.965649,0.886021,0.965649,true
14170,11468,0.855632,0.852760,0.855632,true
14180,12040,1.000000,0.826373,1.000000,true
14190,14907,0.979490,0.471110,0.979490,true
14200,51415,0.987716,0.619683,0.987716,true
14210,9074,0.960869,0.650309,0.960869,true
14220,43698,0.823884,0.419134,0.823884,true
14230,35803,0.804479,0.572601,0.804479,true
14240,42844,0.928694,0.506353,0.928694,true
14250,54949,0.988483,0.861085,0.988483,true
14260,37635,0.875052,0.857083,0.875052,true
14270,18469,0.961799,0.542954,0.961799,true
14280,22446,0.950917,0.627458,0.950917,true
14290,10777,0.829872,0.370607,0.829872,true
14300,56367,0.983609,0.562090,0.983609,true
14310,35530,0.981055,0.614935,0.981055,true
14320,7703,0.947196,0.856938,0.947196,true
14330,21272,0.866951,0.500679,0.866951,true
14340,13624,0.860205,0.506474,0.860205,true
14350,6205,0.985071,0.396424,0.985071,true
14360,3882,0.758470,0.577379,0.758470,true
14370,51334,0.852373,0.624989,0.852373,true
14380,1854,0.888866,0.726066,0.888866,true
14390,11328,0.995693,0.828143,0.995693,true
14400,4916,0.912633,0.772034,0.912633,true
14410,39578,0.761762,0.536319,0.761762,true
14420,14095,0.845940,0.571670,0.845940,true
14430,30588,0.723690,0.506655,0.723690,true
14440,49694,0.979224,0.716982,0.979224,true
14450,13420,0.784035,0.515577,0.784035,true
14460,46965,0.994583,0.810781,0.994583,true
14470,2259,0.752724,0.518787,0.752724,true
14480,3503,0.855443,0.575109,0.855443,true
14490,25152,0.921337,0.586685,0.921337,true
14500,44036,0.941877,0.918714,0.941877,true
14510,14049,0.786837,0.744019,0.786837,true
14520,57654,0.937059,0.650278,0.937059,true
14530,16002,0.861165,0.444638,0.861165,true
14540,958,0.868433,0.548976,0.868433,true
14550,28199,0.834399,0.562234,0.834399,true
14560,60173,0.979717,0.537894,0.979717,true
14570,43040,0.805620,0.565428,0.805620,true
14580,8510,0.958254,0.830367,0.958254,true
14590,53612,0.851834,0.530569,0.851834,true
14600,334,0.799136,0.525922,0.799136,true
14610,28145,0.833568,0.682850,0.833568,true
14620,15250,0.945685,0.734920,0.945685,true
14630,36073,0.979957,0.824745,0.979957,true
14640,39790,0.920832,0.599935,0.920832,true
14650,11538,0.854046,0.610667,0.854046,true
14660,20716,0.957846,0.780109,0.957846,true
14670,56012,0.894428,0.554518,0.894428,true
14680,27326,0.953854,0.679961,0.953854,true
14690,8492,0.874142,0.758487,0.874142,true
14700,40255,0.951168,0.491387,0.951168,true
14710,52299,0.848195,0.487870,0.848195,true
14720,30662,0.989326,0.734729,0.989326,true
14730,11818,0.982939,0.603312,0.982939,true
14740,45029,0.956622,0.676976,0.956622,true
14750,26875,0.996885,0.564699,0.996885,true
14760,44436,0.926291,0.699905,0.926291,true
14770,345,0.943712,0.586029,0.943712,true
14780,58182,0.800231,0.526462,0.800231,true
14790,58975,0.925088,0.644299,0.925088,true
14800,2721,0.776491,0.459407,0.776491,true
14810,31527,0.938405,0.848324,0.938405,true
14820,18328,0.980722,0.781819,0.980722,true
14830,40171,0.704436,0.778913,0.778913,false
14840,60311,0.964880,0.413115,0.964880,true
14850,42340,0.847044,0.443797,0.847044,true
14860,20195,0.837547,0.740153,0.837547,true
14870,44209,0.920897,0.681422,0.920897,true
14880,41236,0.782177,0.533159,0.782177,true
14890,39379,0.984592,0.761110,0.984592,true
14900,53326,0.985746,0.639896,0.985746,true
14910,14108,0.977626,0.501470,0.977626,true
14920,36875,0.972029,0.581407,0.972029,true
14930,29981,0.601292,0.959355,0.959355,false
14940,38017,0.944036,0.469881,0.944036,true
14950,9032,0.931278,0.527253,0.931278,true
14960,16087,0.867962,0.590148,0.867962,true
14970,8915,0.882628,0.529902,0.882628,true
14980,8552,0.878510,0.739836,0.878510,true
14990,7817,0.958496,0.504567,0.958496,true
15000,15646,0.816018,0.809672,0.816018,true
15010,11827,0.996883,0.772704,0.996883,true
15020,36452,0.814125,0.611740,0.814125,true
15030,5023,0.948399,0.766329,0.948399,true
15040,10896,0.951601,0.839998,0.951601,true
15050,30634,0.900900,0.725216,0.900900,true
15060,49581,0.970309,0.480931,0.970309,true
15070,31985,0.833983,0.725664,0.833983,true
15080,2880,0.877925,0.531749,0.877925,true
15090,37989,0.990862,0.815031,0.990862,true
15100,32847,0.971580,0.621925,0.971580,true
15110,29871,0.960257,0.646826,0.960257,true
15120,4835,0.802482,0.846586,0.846586,false
15130,37472,0.886241,0.676824,0.886241,true
15140,7878,0.818721,0.432280,0.818721,true
15150,5262,0.785658,0.768477,0.785658,true
15160,56340,0.945518,0.807529,0.945518,true
15170,6235,0.915062,0.681051,0.915062,true
15180,37171,0.996980,0.513184,0.996980,true
15190,4120,0.961471,0.640254,0.961471,true
15200,55124,0.985401,0.544435,0.985401,true
15210,4943,0.963233,0.720505,0.963233,true
15220,2243,0.961342,0.610986,0.961342,true
15230,29339,0.837377,0.440040,0.837377,true
15240,46993,0.985550,0.645052,0.985550,true
15250,33379,0.904630,0.575535,0.904630,true
15260,12150,0.951868,0.755652,0.951868,true
15270,27844,0.691985,0.708213,0.708213,false
15280,55514,0.972586,0.717229,0.972586,true
15290,40522,0.937234,0.874229,0.937234,true
15300,4407,0.934661,0.854599,0.934661,true
15310,32780,0.962980,0.486362,0.962980,true
15320,35345,0.939778,0.787488,0.939778,true
15330,8430,0.892329,0.539812,0.892329,true
15340,55928,0.948407,0.781164,0.948407,true
15350,11326,0.950101,0.722450,0.950101,true
15360,24730,0.954116,0.875304,0.954116,true
15370,12140,0.994100,0.785737,0.994100,true
15380,35261,0.995965,0.667972,0.995965,true
15390,52025,0.903277,0.598407,0.903277,true
15400,8323,0.989630,0.926347,0.989630,true
15410,52276,0.827083,0.512637,0.827083,true
15420,29393,0.922653,0.708768,0.922653,true
15430,42715,0.798860,0.524875,0.798860,true
15440,32259,0.991743,0.572788,0.991743,true
15450,57528,0.602880,0.617404,0.617404,false
15460,17570,0.922869,0.660934,0.922869,true
15470,42603,0.982084,0.565108,0.982084,true
15480,58079,0.997452,0.506163,0.997452,true
15490,19561,0.996330,0.701081,0.996330,true
15500,54264,0.885589,0.710586,0.885589,true
15510,22336,0.861779,0.479658,0.861779,true
15520,25828,0.980453,0.629808,0.980453,true
15530,9174,0.996100,0.659548,0.996100,true
15540,49943,0.941685,0.557539,0.941685,true
15550,11267,0.858956,0.795298,0.858956,true
15560,25110,0.944716,0.609652,0.944716,true
15570,4730,0.895098,0.654938,0.895098,true
15580,4867,0.601205,0.601991,0.601991,false
15590,13643,0.919000,0.860605,0.919000,true
15600,57355,0.891108,0.513715,0.891108,true
15610,30615,0.827946,0.646759,0.827946,true
15620,32107,0.978032,0.647898,0.978032,true
15630,42427,0.841512,0.568571,0.841512,true
15640,7356,0.907387,0.592622,0.907387,true
15650,3748,0.917924,0.790028,0.917924,true
15660,20496,0.945796,0.635470,0.945796,true
15670,2308,0.959450,0.539293,0.959450,true
15680,53413,0.918985,0.855159,0.918985,true
15690,33746,0.878400,0.870527,0.878400,true
15700,13734,0.664497,0.523960,0.664497,true
15710,18979,0.789832,0.776494,0.789832,true
15720,20204,0.904281,0.598958,0.904281,true
15730,12520,0.866055,0.685760,0.866055,true
15740,44373,0.869413,0.392568,0.869413,true
15750,12015,0.899557,0.812616,0.899557,true
15760,35250,0.943191,0.767643,0.943191,true
15770,17718,0.878063,0.896284,0.896284,false
15780,17985,0.854546,0.744233,0.854546,true
15790,4232,0.943709,0.555729,0.943709,true
15800,8925,0.951224,0.395929,0.951224,true
15810,49720,0.843037,0.492377,0.843037,true
15820,44781,0.952584,0.790624,0.952584,true
15830,47788,0.985033,0.838833,0.985033,true
15840,49567,0.994224,0.490262,0.994224,true
15850,51716,0.914726,0.664905,0.914726,true
15860,51824,0.969594,0.658418,0.969594,true
15870,46706,0.900833,0.507173,0.900833,true
15880,22874,0.900441,0.697504,0.900441,true
15890,9650,0.962430,0.804099,0.962430,true
15900,21915,0.994177,0.788178,0.994177,true
15910,12150,0.914115,0.885338,0.914115,true
15920,1019,0.905084,0.700191,0.905084,true
15930,1791,0.922749,0.735852,0.922749,true
15940,25265,0.903601,0.501522,0.903601,true
15950,41585,0.985393,0.906273,0.985393,true
15960,27462,0.888945,0.558408,0.888945,true
15970,36230,0.868424,0.625013,0.868424,true
15980,59349,0.861013,0.619237,0.861013,true
15990,28489,0.949158,0.673657,0.949158,true
16000,37658,0.953048,0.649921,0.953048,true
16010,14214,0.925241,0.658308,0.925241,true
16020,37146,0.952989,0.630452,0.952989,true
16030,384,0.946793,0.832359,0.946793,true
16040,31830,0.982898,0.648782,0.982898,true
16050,45017,0.917900,0.403103,0.917900,true
16060,24888,0.736314,0.747189,0.747189,false
16070,49179,0.904598,0.716711,0.904598,true
16080,14479,0.866051,0.546057,0.866051,true
16090,27689,0.922460,0.549561,0.922460,true
16100,17755,0.990684,0.577287,0.990684,true
16110,46147,0.888391,0.716002,0.888391,true
16120,9873,0.918540,0.751272,0.918540,true
16130,22116,0.777698,0.523907,0.777698,true
16140,57718,0.969702,0.854997,0.969702,true
16150,9359,0.993527,0.758741,0.993527,true
16160,7703,0.978102,0.863440,0.978102,true
16170,17442,0.759403,0.595243,0.759403,true
16180,9133,0.842100,0.770482,0.842100,true
16190,44920,0.986573,0.433830,0.986573,true
16200,22825,0.998739,0.568329,0.998739,true
16210,1526,0.959417,0.575662,0.959417,true
16220,14051,0.933526,0.897907,0.933526,true
16230,52131,0.927959,0.823181,0.927959,true
16240,8596,0.839845,0.956542,0.956542,false
16250,31838,0.925273,0.722002,0.925273,true
16260,25376,0.852609,0.534046,0.852609,true
16270,7974,0.745552,0.389163,0.745552,true
16280,26498,0.998071,0.570476,0.998071,true
16290,15510,0.715753,0.522948,0.715753,true
16300,18311,0.930994,0.804368,0.930994,true
16310,47631,0.917137,0.683962,0.917137,true
16320,20474,0.981094,0.543309,0.981094,true
16330,7830,0.904969,0.861615,0.904969,true
16340,36411,0.966227,0.810287,0.966227,true
16350,51964,0.801991,0.580910,0.801991,true
16360,53870,0.766850,0.563812,0.766850,true
16370,56734,0.933919,0.469048,0.933919,true
16380,28879,0.976572,0.503027,0.976572,true
16390,23832,0.951963,0.835386,0.951963,true
16400,4305,0.886286,0.566942,0.886286,true
16410,2067,0.972188,0.822121,0.972188,true
16420,21769,0.967474,0.677480,0.967474,true
16430,34145,0.939393,0.546837,0.939393,true
16440,12512,0.920688,0.689597,0.920688,true
16450,42153,0.949686,0.777582,0.949686,true
16460,44153,0.838334,0.567954,0.838334,true
16470,37834,0.949720,0.862235,0.949720,true
16480,25130,0.909318,0.529975,0.909318,true
16490,33111,0.995714,0.497225,0.995714,true
16500,29956,0.854798,0.638055,0.854798,true
16510,32512,0.971070,0.852246,0.971070,true
16520,58900,0.979330,0.874148,0.979330,true
16530,48566,0.976550,0.624031,0.976550,true
16540,47327,0.952457,0.767089,0.952457,true
16550,47915,0.687625,0.746067,0.746067,false
16560,23832,0.937459,0.829599,0.937459,true
16570,12840,0.915777,0.806079,0.915777,true
16580,55959,0.852831,0.584341,0.852831,true
16590,1147,0.867331,0.823174,0.867331,true
16600,47959,0.954879,0.856072,0.954879,true
16610,56283,0.937185,0.507951,0.937185,true
16620,47214,0.995257,0.665021,0.995257,true
16630,8182,0.868527,0.467545,0.868527,true
16640,43194,0.952049,0.507614,0.952049,true
16650,48135,0.979304,0.583957,0.979304,true
16660,33202,0.856119,0.497463,0.856119,true
16670,12094,0.920547,0.766115,0.920547,true
16680,2592,0.825890,0.485307,0.825890,true
16690,4541,0.824125,0.679492,0.824125,true
16700,21656,0.894508,0.734619,0.894508,true
16710,5943,0.757573,0.722689,0.757573,true
16720,53598,0.960888,0.833722,0.960888,true
16730,32499,0.911640,0.773010,0.911640,true
16740,47904,0.944906,0.666363,0.944906,true
16750,36197,0.963811,0.800385,0.963811,true
16760,32743,0.887180,0.706849,0.887180,true
16770,25715,0.789155,0.602413,0.789155,true
16780,57362,0.936590,0.685735,0.936590,true
16790,33313,0.963117,0.580715,0.963117,true
16800,57755,0.919450,0.445002,0.919450,true
16810,55935,0.819338,0.661000,0.819338,true
16820,60096,0.975862,0.494169,0.975862,true
16830,39468,0.859927,0.755422,0.859927,true
16840,44627,0.922619,0.766347,0.922619,true
16850,40711,0.958370,0.692926,0.958370,true
16860,10064,0.865120,0.599235,0.865120,true
16870,32999,0.989385,0.500747,0.989385,true
16880,45927,0.933353,0.777613,0.933353,true
16890,34644,0.902517,0.622959,0.902517,true
16900,21342,0.962135,0.598073,0.962135,true
16910,48917,0.928809,0.404562,0.928809,true
16920,6205,0.932325,0.384261,0.932325,true
16930,57434,0.691057,0.739116,0.739116,false
16940,56642,0.776013,0.696009,0.776013,true
16950,57940,0.964218,0.637100,0.964218,true
16960,17495,0.982160,0.671162,0.982160,true
16970,54866,0.936659,0.814933,0.936659,true
16980,44298,0.943704,0.541429,0.943704,true
16990,1699,0.928693,0.862743,0.928693,true
17000,45798,0.977836,0.822122,0.977836,true
17010,30587,0.821027,0.564243,0.821027,true
17020,10050,0.943897,0.530007,0.943897,true
17030,11189,0.966946,0.770923,0.966946,true
17040,55247,0.825713,0.687327,0.825713,true
17050,12802,0.886587,0.623592,0.886587,true
17060,21912,0.782854,0.679382,0.782854,true
17070,12808,0.807980,0.708480,0.807980,true
17080,33823,0.880359,0.689251,0.880359,true
17090,49847,0.967928,0.542802,0.967928,true
17100,10242,0.860326,0.517923,0.860326,true
17110,27291,0.970243,0.512652,0.970243,true
17120,10815,0.951883,0.942872,0.951883,true
17130,27357,0.979379,0.565515,0.979379,true
17140,19603,0.912499,0.540587,0.912499,true
17150,19489,0.991381,0.808698,0.991381,true
17160,1699,0.934490,0.766900,0.934490,true
17170,7392,0.851369,0.486347,0.851369,true
17180,56431,0.762753,0.607316,0.762753,true
17190,56669,0.872589,0.786519,0.872589,true
17200,7352,0.895659,0.618475,0.895659,true
17210,20822,0.915161,0.664492,0.915161,true
17220,43724,0.901666,0.610463,0.901666,true
17230,14117,0.946659,0.441186,0.946659,true
17240,690,0.875002,0.578345,0.875002,true
17250,14383,0.949279,0.628785,0.949279,true
17260,40587,0.976393,0.779650,0.976393,true
17270,5268,0.908180,0.456881,0.908180,true
17280,44344,0.995807,0.609129,0.995807,true
17290,18087,0.777023,0.627500,0.777023,true
17300,28229,0.900190,0.693862,0.900190,true
17310,8531,0.897302,0.689553,0.897302,true
17320,8428,0.995670,0.561951,0.995670,true
17330,40382,0.782893,0.634546,0.782893,true
17340,10993,0.921939,0.468415,0.921939,true
17350,35295,0.978817,0.639749,0.978817,true
17360,11448,0.886396,0.711874,0.886396,true
17370,50161,0.986167,0.682236,0.986167,true
17380,6105,0.975838,0.644055,0.975838,true
17390,12292,0.971581,0.740924,0.971581,true
17400,28798,0.806084,0.606856,0.806084,true
17410,6727,0.947732,0.781708,0.947732,true
17420,27472,0.912923,0.782760,0.912923,true
17430,35835,0.957525,0.650294,0.957525,true
17440,51070,0.761018,0.704778,0.761018,true
17450,43312,0.915665,0.554603,0.915665,true
17460,17663,0.966667,0.478384,0.966667,true
17470,49228,0.990349,0.683477,0.990349,true
17480,55027,0.957210,0.648221,0.957210,true
17490,47482,0.863115,0.824729,0.863115,true
17500,23845,0.963608,0.800711,0.963608,true
17510,28374,0.856269,0.650762,0.856269,true
17520,50994,0.959517,0.884276,0.959517,true
17530,60212,0.779190,0.639145,0.779190,true
17540,11448,0.946118,0.624360,0.946118,true
17550,437,0.822604,0.673956,0.822604,true
17560,11739,0.975434,0.681714,0.975434,true
17570,17374,0.874064,0.536119,0.874064,true
17580,3091,0.783190,0.707179,0.783190,true
17590,36246,0.818257,0.521199,0.818257,true
17600,8396,0.917059,0.425822,0.917059,true
17610,35960,0.905114,0.653495,0.905114,true
17620,45707,0.644293,0.659201,0.659201,false
17630,60095,0.997638,0.449333,0.997638,true
17640,56432,0.900436,0.497499,0.900436,true
17650,22832,0.745752,0.754042,0.754042,false
17660,32159,0.874975,0.672550,0.874975,true
17670,52862,0.974452,0.717117,0.974452,true
17680,28891,0.771911,0.695312,0.771911,true
17690,50325,0.961195,0.689927,0.961195,true
17700,8436,0.990270,0.962191,0.990270,true
17710,919,0.971615,0.611297,0.971615,true
17720,5633,0.992632,0.592432,0.992632,true
17730,19417,0.930455,0.739609,0.930455,true
17740,6216,0.749566,0.603094,0.749566,true
17750,40255,0.921266,0.467845,0.921266,true
17760,31159,0.877411,0.544754,0.877411,true
17770,15477,0.866035,0.684725,0.866035,true
17780,32598,0.976386,0.838960,0.976386,true
17790,6201,0.701653,0.752458,0.752458,false
17800,119,0.875678,0.608381,0.875678,true
17810,55556,0.958257,0.617992,0.958257,true
17820,49420,0.769216,0.529380,0.769216,true
17830,22449,0.947758,0.578852,0.947758,true
17840,10050,0.830128,0.502743,0.830128,true
17850,5592,0.928971,0.790623,0.928971,true
17860,14301,0.972783,0.873356,0.972783,true
17870,31739,0.935851,0.544992,0.935851,true
17880,37291,0.993989,0.791781,0.993989,true
17890,32928,0.937317,0.670472,0.937317,true
17900,46839,0.943516,0.730776,0.943516,true
17910,12168,0.957308,0.909124,0.957308,true
17920,48201,0.979718,0.584695,0.979718,true
17930,13404,0.997778,0.666105,0.997778,true
17940,5123,0.855177,0.617844,0.855177,true
17950,48934,0.817259,0.729526,0.817259,true
17960,7142,0.954424,0.674079,0.954424,true
17970,15769,0.949280,0.653010,0.949280,true
17980,7703,0.819292,0.801398,0.819292,true
17990,33373,0.928798,0.675149,0.928798,true
18000,11160,0.914958,0.589253,0.914958,true
18010,44526,0.903208,0.557643,0.903208,true
18020,23311,0.980400,0.504079,0.980400,true
18030,34003,0.985929,0.651770,0.985929,true
18040,12284,0.866863,0.819577,0.866863,true
18050,40884,0.983600,0.733843,0.983600,true
18060,53079,0.880540,0.628550,0.880540,true
18070,7462,0.808941,0.878471,0.878471,false
18080,30496,0.946791,0.679148,0.946791,true
18090,47457,0.913270,0.880111,0.913270,true
18100,52682,0.686949,0.572287,0.686949,true
18110,32205,0.937842,0.689360,0.937842,true
18120,22623,0.940599,0.692690,0.940599,true
18130,27441,0.964124,0.569250,0.964124,true
18140,40686,0.956893,0.500376,0.956893,true
18150,58412,0.999181,0.545640,0.999181,true
18160,6148,0.959431,0.565766,0.959431,true
18170,7873,0.951161,0.588392,0.951161,true
18180,42784,0.879868,0.612167,0.879868,true
18190,53567,0.929836,0.797168,0.929836,true
18200,13594,0.921064,0.603116,0.921064,true
18210,42372,0.914816,0.505086,0.914816,true
18220,29520,0.812550,0.580831,0.812550,true
18230,1699,0.846597,0.613476,0.846597,true
18240,31755,0.696623,0.640454,0.696623,true
18250,2515,0.988336,0.820478,0.988336,true
18260,1839,0.933454,0.507373,0.933454,true
18270,49690,0.958977,0.495758,0.958977,true
18280,50921,0.892941,0.770880,0.892941,true
18290,11818,0.977036,0.580943,0.977036,true
18300,15196,0.963436,0.619139,0.963436,true
18310,6873,0.881031,0.607956,0.881031,true
18320,3182,0.951033,0.675503,0.951033,true
18330,3806,0.950062,0.794060,0.950062,true
18340,19020,0.936981,0.742003,0.936981,true
18350,17188,0.972082,0.564258,0.972082,true
18360,4072,0.629284,0.491820,0.629284,true
18370,54830,0.824474,0.662133,0.824474,true
18380,4712,0.840595,0.789550,0.840595,true
18390,3570,0.914177,0.451781,0.914177,true
18400,21483,0.821419,0.391451,0.821419,true
18410,53853,0.947899,0.733100,0.947899,true
18420,15006,0.954006,0.787526,0.954006,true
18430,27551,0.882633,0.604304,0.882633,true
18440,12006,0.911234,0.739833,0.911234,true
18450,44202,0.987858,0.696776,0.987858,true
18460,23479,0.665268,0.472074,0.665268,true
18470,39683,0.935194,0.725165,0.935194,true
18480,49184,0.878679,0.748280,0.878679,true
18490,2505,0.785786,0.632786,0.785786,true
18500,49650,0.984142,0.795672,0.984142,true
18510,37328,0.980745,0.793918,0.980745,true
18520,15350,0.964704,0.538517,0.964704,true
18530,7532,0.888891,0.692132,0.888891,true
18540,6683,0.845687,0.693179,0.845687,true
18550,24317,0.978356,0.585938,0.978356,true
18560,46163,0.989344,0.680120,0.989344,true
18570,16131,0.960211,0.575463,0.960211,true
18580,1242,0.785253,0.555485,0.785253,true
18590,21045,0.976050,0.607798,0.976050,true
18600,9523,0.663040,0.634858,0.663040,true
18610,4521,0.935356,0.703202,0.935356,true
18620,38233,0.941323,0.699279,0.941323,true
18630,53544,0.943219,0.742837,0.943219,true
18640,54820,0.972582,0.618389,0.972582,true
18650,41778,0.832852,0.594381,0.832852,true
18660,27148,0.993108,0.563185,0.993108,true
18670,7528,0.904050,0.585557,0.904050,true
18680,13830,0.959823,0.636730,0.959823,true
18690,4713,0.991174,0.619509,0.991174,true
18700,14319,0.926565,0.531211,0.926565,true
18710,55705,0.891006,0.767544,0.891006,true
18720,48308,0.967275,0.634711,0.967275,true
18730,55162,0.993060,0.534472,0.993060,true
18740,45198,0.987892,0.542214,0.987892,true
18750,60374,0.909505,0.478755,0.909505,true
18760,2032,0.842750,0.611359,0.842750,true
18770,43739,0.840857,0.723763,0.840857,true
18780,2064,0.824892,0.352139,0.824892,true
18790,490,0.831460,0.571177,0.831460,true
18800,24499,0.807328,0.780253,0.807328,true
18810,249,0.915180,0.545146,0.915180,true
18820,12077,0.875785,0.605379,0.875785,true
18830,36439,0.976499,0.438651,0.976499,true
18840,59222,0.972419,0.447156,0.972419,true
18850,9618,0.860183,0.564251,0.860183,true
18860,9444,0.941593,0.673874,0.941593,true
18870,47938,0.974738,0.504237,0.974738,true
18880,27971,0.847804,0.433658,0.847804,true
18890,12407,0.994237,0.530519,0.994237,true
18900,6296,0.971318,0.510194,0.971318,true
18910,25909,0.783780,0.542718,0.783780,true
18920,41370,0.820098,0.536561,0.820098,true
18930,40019,0.949701,0.817504,0.949701,true
18940,58247,0.802666,0.688133,0.802666,true
18950,8027,0.884621,0.582700,0.884621,true
18960,47173,0.983037,0.603538,0.983037,true
18970,9184,0.985677,0.722246,0.985677,true
18980,9531,0.937726,0.761454,0.937726,true
18990,38755,0.938386,0.678749,0.938386,true
19000,2814,0.841183,0.778196,0.841183,true
19010,41586,0.976094,0.836608,0.976094,true
19020,13911,0.817602,0.581605,0.817602,true
19030,13162,0.987365,0.696812,0.987365,true
19040,18469,0.961799,0.553700,0.961799,true
19050,24719,0.725659,0.543725,0.725659,true
19060,7532,0.918445,0.712396,0.918445,true
19070,33227,0.881420,0.725165,0.881420,true
19080,23155,0.978006,0.393638,0.978006,true
19090,44381,0.993271,0.508931,0.993271,true
19100,14117,0.946659,0.515419,0.946659,true
19110,53665,0.921253,0.737174,0.921253,true
19120,32447,0.783529,0.554977,0.783529,true
19130,10600,0.819941,0.592904,0.819941,true
19140,39315,0.943639,0.762490,0.943639,true
19150,35597,0.819573,0.810799,0.819573,true
19160,50901,0.961759,0.701153,0.961759,true
19170,56254,0.868596,0.785880,0.868596,true
19180,52170,0.956531,0.986952,0.986952,false
19190,3503,0.927775,0.585746,0.927775,true
19200,52309,0.979592,0.833480,0.979592,true
19210,3967,0.958320,0.693484,0.958320,true
19220,889,0.963655,0.568812,0.963655,true
19230,25659,0.861062,0.617819,0.861062,true
19240,59649,0.925736,0.549080,0.925736,true
19250,30607,0.986246,0.496153,0.986246,true
19260,37113,0.933560,0.808140,0.933560,true
19270,14122,0.843530,0.697884,0.843530,true
19280,41165,0.932121,0.782878,0.932121,true
19290,46943,0.866005,0.619841,0.866005,true
19300,6123,0.909422,0.750964,0.909422,true
19310,41347,0.904537,0.730366,0.904537,true
19320,12699,0.962231,0.683536,0.962231,true
19330,34025,0.905985,0.589923,0.905985,true
19340,32469,0.933014,0.819681,0.933014,true
19350,10179,0.676290,0.630272,0.676290,true
19360,14548,0.836386,0.625695,0.836386,true
19370,5783,0.843130,0.597622,0.843130,true
19380,4204,0.958320,0.687287,0.958320,true
19390,36942,0.925819,0.614727,0.925819,true
19400,9535,0.949158,0.862423,0.949158,true
19410,28692,0.950701,0.548746,0.950701,true
19420,4957,0.753012,0.415986,0.753012,true
19430,35467,0.992625,0.503693,0.992625,true
19440,27492,0.925431,0.455748,0.925431,true
19450,50783,0.835319,0.616290,0.835319,true
19460,55077,0.976605,0.670440,0.976605,true
19470,6940,0.937817,0.362033,0.937817,true
19480,41585,0.985393,0.918561,0.985393,true
19490,9909,0.994514,0.548924,0.994514,true
19500,26967,0.771515,0.480820,0.771515,true
19510,30360,0.858213,0.420215,0.858213,true
19520,27057,0.935797,0.403950,0.935797,true
19530,52156,0.852330,0.541779,0.852330,true
19540,32868,0.942837,0.438258,0.942837,true
19550,47279,0.975281,0.694377,0.975281,true
19560,42316,0.979867,0.792965,0.979867,true
19570,7532,0.812624,0.628408,0.812624,true
19580,25562,0.946052,0.602679,0.946052,true
19590,58992,0.980315,0.453963,0.980315,true
19600,17293,0.848665,0.726927,0.848665,true
19610,44264,0.956983,0.464686,0.956983,true
19620,4494,0.887433,0.522453,0.887433,true
19630,23833,0.988982,0.601548,0.988982,true
19640,3071,0.878098,0.551741,0.878098,true
19650,38626,0.894838,0.835724,0.894838,true
19660,19633,0.860515,0.688890,0.860515,true
19670,19713,0.603435,0.496035,0.603435,true
19680,11377,0.898785,0.587960,0.898785,true
19690,31773,0.758716,0.441919,0.758716,true
19700,6073,0.843382,0.712903,0.843382,true
19710,47409,0.989476,0.749818,0.989476,true
19720,21902,0.839642,0.577732,0.839642,true
19730,33654,0.971115,0.699091,0.971115,true
19740,20737,0.924244,0.583694,0.924244,true
19750,13559,0.997101,0.612104,0.997101,true
19760,18794,0.986312,0.684768,0.986312,true
19770,8153,0.930599,0.462021,0.930599,true
19780,9535,0.975759,0.917214,0.975759,true
19790,9408,0.984587,0.757776,0.984587,true
19800,9982,0.957507,0.632896,0.957507,true
19810,26147,0.726256,0.740496,0.740496,false
19820,48485,0.985287,0.504399,0.985287,true
19830,55258,0.919972,0.849662,0.919972,true
19840,47457,0.981072,0.937537,0.981072,true
19850,25043,0.849343,0.769380,0.849343,true
19860,41893,0.997585,0.637124,0.997585,true
19870,31790,0.934738,0.851920,0.934738,true
19880,57467,0.893490,0.737216,0.893490,true
19890,15009,0.821648,0.696536,0.821648,true
19900,56012,0.894428,0.428765,0.894428,true
19910,14896,0.861030,0.817501,0.861030,true
19920,35043,0.898285,0.624405,0.898285,true
19930,15675,0.891049,0.688906,0.891049,true
19940,2938,0.522837,0.416998,0.522837,true
19950,41347,0.904537,0.736334,0.904537,true
19960,55879,0.949092,0.753173,0.949092,true
19970,8396,0.949827,0.491466,0.949827,true
19980,13577,0.948767,0.690305,0.948767,true
19990,153,0.933590,0.806429,0.933590,true
