group,sim
same,0.776759
same,0.998327
same,0.889644
same,0.852063
same,0.991082
same,0.759902
same,0.721548
same,0.801000
same,0.724470
same,0.768638
same,0.964024
same,0.946287
same,0.988151
same,0.983399
same,0.998970
same,0.940375
same,0.834170
same,0.875678
same,0.941195
same,0.987095
same,0.881795
same,0.742155
same,0.906685
same,0.910342
same,0.731165
same,0.699237
same,0.797569
same,0.784800
same,0.871909
same,0.803314
same,0.840040
same,0.918105
same,0.887695
same,0.808945
same,0.752974
same,0.760444
same,0.970390
same,0.927612
same,0.809903
same,0.696863
same,0.890188
same,0.912093
same,0.790065
same,0.488287
same,0.734426
same,0.807694
same,0.670299
same,0.604728
same,0.672349
same,0.860959
same,0.911763
same,0.970845
same,0.750933
same,0.984518
same,0.980004
same,0.705166
same,0.810209
same,0.792695
same,0.731465
same,0.673028
same,0.680526
same,0.901058
same,0.779086
same,0.655931
same,0.782473
same,0.872202
same,0.846298
same,0.910914
same,0.870038
same,0.757438
same,0.735349
same,0.682494
same,0.991704
same,0.872794
same,0.910856
same,0.850597
same,0.799136
same,0.944141
same,0.941036
same,0.943712
same,0.747558
same,0.971584
same,0.870619
same,0.946793
same,0.880968
same,0.813823
same,0.915865
same,0.487429
same,0.889462
same,0.977251
same,0.840820
same,0.828283
same,0.755747
same,0.848006
same,0.745548
same,0.777384
same,0.845954
same,0.831460
same,0.818173
same,0.960852
same,0.849797
same,0.859775
same,0.966553
same,0.630528
same,0.768864
same,0.825980
same,0.961113
same,0.648767
same,0.954782
same,0.925139
same,0.743953
same,0.659028
same,0.772631
same,0.826500
same,0.842708
same,0.809844
same,0.793512
same,0.757751
same,0.856339
same,0.939393
same,0.657677
same,0.780050
same,0.800012
same,0.924986
same,0.820699
same,0.922658
same,0.866266
same,0.898397
same,0.951688
same,0.926053
same,0.883416
same,0.829811
same,0.909634
same,0.914511
same,0.862750
same,0.691733
same,0.912263
same,0.916319
same,0.971144
same,0.875149
same,0.855558
same,0.960672
same,0.752230
same,0.933398
same,0.886111
same,0.950722
same,0.992867
same,0.981041
same,0.816633
same,0.997547
same,0.929542
same,0.969742
same,0.890727
same,0.940927
same,0.842368
same,0.810906
same,0.963655
same,0.902202
same,0.708070
same,0.536035
same,0.904615
same,0.969108
same,0.971615
same,0.983162
same,0.879221
same,0.777538
same,0.889147
same,0.872617
same,0.834152
same,0.868433
same,0.837524
same,0.630811
same,0.779262
same,0.871837
same,0.852308
same,0.870307
same,0.758656
same,0.748497
same,0.838568
same,0.782222
same,0.863214
same,0.959456
same,0.874388
same,0.871721
same,0.803471
same,0.738548
same,0.866516
same,0.667280
same,0.941314
same,0.996545
same,0.859023
same,0.981019
same,0.987874
same,0.996717
same,0.678632
same,0.930748
same,0.739398
same,0.683622
same,0.733818
same,0.778882
same,0.874973
same,0.762204
same,0.936821
same,0.942355
same,0.679902
same,0.854233
same,0.754654
same,0.945245
same,0.793035
same,0.721764
same,0.911873
same,0.826767
same,0.753239
same,0.985671
same,0.978164
same,0.982757
same,0.857334
same,0.721860
same,0.747805
same,0.856740
same,0.781483
same,0.624532
same,0.900322
same,0.898213
same,0.956383
same,0.785253
same,0.751959
same,0.638912
same,0.785799
same,0.909270
same,0.706935
same,0.817291
same,0.924719
same,0.871314
same,0.978346
same,0.976058
same,0.834745
same,0.908966
same,0.885813
same,0.683408
same,0.936708
same,0.929325
same,0.892951
same,0.894934
same,0.895916
same,0.606099
same,0.667266
same,0.830199
same,0.744385
same,0.853540
same,0.791160
same,0.915787
same,0.906759
same,0.995691
same,0.676984
same,0.944861
same,0.934268
same,0.884730
same,0.727304
same,0.838855
same,0.839014
same,0.758562
same,0.889014
same,0.942964
same,0.922545
same,0.599574
same,0.591749
same,0.816626
same,0.751766
same,0.815956
same,0.841776
same,0.841011
same,0.764120
same,0.882247
same,0.715818
same,0.726807
same,0.763356
same,0.722277
same,0.816772
same,0.966325
same,0.899262
same,0.859206
same,0.867358
same,0.808198
same,0.744316
same,0.945515
same,0.740746
same,0.757085
same,0.721474
same,0.853915
same,0.890902
same,0.702439
same,0.825343
same,0.801299
same,0.854639
same,0.641571
same,0.665188
same,0.794433
same,0.752542
same,0.838858
cross,-0.003385
cross,-0.069042
cross,0.034946
cross,0.032970
cross,0.073283
cross,-0.011751
cross,0.010946
cross,-0.102032
cross,-0.002614
cross,0.024085
cross,0.002283
cross,-0.021800
cross,-0.063587
cross,0.022069
cross,0.067673
cross,0.359075
cross,-0.084670
cross,0.076282
cross,-0.000143
cross,0.089693
cross,0.042545
cross,0.079086
cross,-0.047422
cross,0.110134
cross,0.135387
cross,0.047095
cross,0.058303
cross,-0.039852
cross,0.123912
cross,-0.063659
cross,-0.111698
cross,-0.022939
cross,-0.085207
cross,0.066742
cross,0.025900
cross,0.114260
cross,0.049194
cross,0.007030
cross,0.164570
cross,0.141525
cross,0.107629
cross,-0.038866
cross,0.160413
cross,0.065585
cross,0.029375
cross,0.058538
cross,0.020286
cross,-0.053596
cross,0.076624
cross,0.060761
cross,0.035290
cross,0.143991
cross,0.029303
cross,0.048954
cross,0.179161
cross,0.008126
cross,0.046159
cross,0.131837
cross,0.280281
cross,-0.025588
cross,0.102306
cross,0.104366
cross,0.085564
cross,0.039502
cross,0.063518
cross,0.060399
cross,0.007983
cross,0.050376
cross,0.103793
cross,0.106654
cross,0.331893
cross,0.228800
cross,0.122419
cross,0.010416
cross,0.000316
cross,0.034510
cross,0.066271
cross,0.110888
cross,0.140920
cross,-0.008506
cross,0.121176
cross,-0.038410
cross,0.083370
cross,-0.009939
cross,-0.001932
cross,0.118846
cross,0.035836
cross,0.035361
cross,-0.028558
cross,0.067727
cross,0.029200
cross,0.535962
cross,-0.068726
cross,0.027349
cross,0.030272
cross,-0.026203
cross,0.116342
cross,0.028593
cross,0.089650
cross,0.027274
cross,0.001636
cross,0.171031
cross,-0.003305
cross,0.058441
cross,-0.056591
cross,0.286752
cross,0.084078
cross,0.029135
cross,0.128609
cross,0.143499
cross,0.081458
cross,-0.012807
cross,0.117409
cross,0.032320
cross,0.060516
cross,0.100100
cross,-0.021666
cross,0.020445
cross,0.022376
cross,0.110184
cross,0.031824
cross,0.090988
cross,0.067834
cross,0.080810
cross,0.039859
cross,0.119299
cross,-0.020546
cross,0.017646
cross,0.058217
cross,0.085561
cross,0.025735
cross,0.021301
cross,0.032470
cross,-0.036049
cross,-0.089645
cross,0.068700
cross,0.022542
cross,0.100854
cross,-0.053228
cross,0.090928
cross,0.037093
cross,-0.029135
cross,0.062476
cross,0.057066
cross,0.278445
cross,0.080360
cross,0.081318
cross,-0.015480
cross,0.174162
cross,0.049722
cross,-0.036256
cross,0.081088
cross,0.123282
cross,0.055599
cross,-0.036028
cross,0.214034
cross,-0.049808
cross,0.045265
cross,-0.029558
cross,0.020495
cross,0.023344
cross,0.012022
cross,-0.011581
cross,-0.048264
cross,0.022979
cross,0.010057
cross,-0.041012
cross,0.081933
cross,-0.056781
cross,0.131881
cross,0.026534
cross,0.052478
cross,0.029083
cross,0.166904
cross,-0.025918
cross,-0.041573
cross,-0.036499
cross,-0.003429
cross,0.110665
cross,0.106329
cross,-0.092356
cross,0.033702
cross,-0.043782
cross,-0.001442
cross,0.051526
cross,0.016031
cross,0.134056
cross,0.074300
cross,-0.027436
cross,-0.058411
cross,0.012963
cross,-0.037176
cross,0.052793
cross,0.094320
cross,0.033998
cross,0.004670
cross,0.009031
cross,0.004490
cross,0.009852
cross,0.023381
cross,0.064454
cross,0.005672
cross,0.210968
cross,0.049152
cross,-0.064522
cross,-0.060784
cross,0.062104
cross,0.274135
cross,0.008673
cross,0.125908
cross,0.125620
cross,0.078804
cross,0.165160
cross,-0.028578
cross,0.011375
cross,0.011240
cross,0.034039
cross,0.084885
cross,0.137307
cross,0.045210
cross,0.069843
cross,0.095981
cross,0.001813
cross,0.107403
cross,0.049781
cross,0.287836
cross,0.256717
cross,0.089739
cross,-0.032462
cross,-0.024742
cross,0.034818
cross,-0.014734
cross,0.053577
cross,0.006584
cross,0.167463
cross,0.075248
cross,-0.023927
cross,-0.115751
cross,0.059456
cross,-0.008486
cross,-0.083976
cross,0.076818
cross,0.015518
cross,-0.096541
cross,0.021882
cross,0.045637
cross,0.074719
cross,0.031574
cross,0.002291
cross,0.029714
cross,0.082497
cross,-0.089131
cross,-0.036682
cross,0.123062
cross,-0.017566
cross,0.089595
cross,-0.028880
cross,-0.088398
cross,0.043562
cross,-0.039930
cross,0.098212
cross,-0.016438
cross,0.091415
cross,0.007036
cross,-0.004526
cross,0.077161
cross,0.169335
cross,0.083214
cross,0.038294
cross,0.044862
cross,0.023910
cross,-0.000180
cross,0.001855
cross,0.096246
cross,0.066230
cross,0.091509
cross,-0.037183
cross,0.071542
cross,0.112429
cross,0.026114
cross,-0.037539
cross,-0.027061
cross,0.331591
cross,0.391494
cross,-0.013310
cross,0.009006
cross,0.056176
cross,-0.046149
cross,0.068478
cross,0.027698
cross,0.263956
cross,0.127175
cross,0.173082
cross,0.209568
cross,0.092720
cross,0.035405
cross,0.135798
cross,0.171782
cross,-0.009813
cross,0.169517
